waveVsWave(?x (OP("/M0" "gm") / OP("/M0" "id")) ?y (OP("/M0" "gm") * OP("/M0" "rout"))) (Lnmos=1.2e-07) X,waveVsWave(?x (OP("/M0" "gm") / OP("/M0" "id")) ?y (OP("/M0" "gm") * OP("/M0" "rout"))) (Lnmos=1.2e-07) Y,waveVsWave(?x (OP("/M0" "gm") / OP("/M0" "id")) ?y (OP("/M0" "gm") * OP("/M0" "rout"))) (Lnmos=1.02e-06) X,waveVsWave(?x (OP("/M0" "gm") / OP("/M0" "id")) ?y (OP("/M0" "gm") * OP("/M0" "rout"))) (Lnmos=1.02e-06) Y,waveVsWave(?x (OP("/M0" "gm") / OP("/M0" "id")) ?y (OP("/M0" "gm") * OP("/M0" "rout"))) (Lnmos=1.12e-06) X,waveVsWave(?x (OP("/M0" "gm") / OP("/M0" "id")) ?y (OP("/M0" "gm") * OP("/M0" "rout"))) (Lnmos=1.12e-06) Y,waveVsWave(?x (OP("/M0" "gm") / OP("/M0" "id")) ?y (OP("/M0" "gm") * OP("/M0" "rout"))) (Lnmos=2.2e-07) X,waveVsWave(?x (OP("/M0" "gm") / OP("/M0" "id")) ?y (OP("/M0" "gm") * OP("/M0" "rout"))) (Lnmos=2.2e-07) Y,waveVsWave(?x (OP("/M0" "gm") / OP("/M0" "id")) ?y (OP("/M0" "gm") * OP("/M0" "rout"))) (Lnmos=3.2e-07) X,waveVsWave(?x (OP("/M0" "gm") / OP("/M0" "id")) ?y (OP("/M0" "gm") * OP("/M0" "rout"))) (Lnmos=3.2e-07) Y,waveVsWave(?x (OP("/M0" "gm") / OP("/M0" "id")) ?y (OP("/M0" "gm") * OP("/M0" "rout"))) (Lnmos=4.2e-07) X,waveVsWave(?x (OP("/M0" "gm") / OP("/M0" "id")) ?y (OP("/M0" "gm") * OP("/M0" "rout"))) (Lnmos=4.2e-07) Y,waveVsWave(?x (OP("/M0" "gm") / OP("/M0" "id")) ?y (OP("/M0" "gm") * OP("/M0" "rout"))) (Lnmos=5.2e-07) X,waveVsWave(?x (OP("/M0" "gm") / OP("/M0" "id")) ?y (OP("/M0" "gm") * OP("/M0" "rout"))) (Lnmos=5.2e-07) Y,waveVsWave(?x (OP("/M0" "gm") / OP("/M0" "id")) ?y (OP("/M0" "gm") * OP("/M0" "rout"))) (Lnmos=6.2e-07) X,waveVsWave(?x (OP("/M0" "gm") / OP("/M0" "id")) ?y (OP("/M0" "gm") * OP("/M0" "rout"))) (Lnmos=6.2e-07) Y,waveVsWave(?x (OP("/M0" "gm") / OP("/M0" "id")) ?y (OP("/M0" "gm") * OP("/M0" "rout"))) (Lnmos=7.2e-07) X,waveVsWave(?x (OP("/M0" "gm") / OP("/M0" "id")) ?y (OP("/M0" "gm") * OP("/M0" "rout"))) (Lnmos=7.2e-07) Y,waveVsWave(?x (OP("/M0" "gm") / OP("/M0" "id")) ?y (OP("/M0" "gm") * OP("/M0" "rout"))) (Lnmos=8.2e-07) X,waveVsWave(?x (OP("/M0" "gm") / OP("/M0" "id")) ?y (OP("/M0" "gm") * OP("/M0" "rout"))) (Lnmos=8.2e-07) Y,waveVsWave(?x (OP("/M0" "gm") / OP("/M0" "id")) ?y (OP("/M0" "gm") * OP("/M0" "rout"))) (Lnmos=9.2e-07) X,waveVsWave(?x (OP("/M0" "gm") / OP("/M0" "id")) ?y (OP("/M0" "gm") * OP("/M0" "rout"))) (Lnmos=9.2e-07) Y
27.85295358159633,36.92814225635409,27.84230719802438,102.6490198588052,27.76732108027629,104.3922357107253,28.06288190925046,56.2245485269784,28.1550865073257,80.99904922698214,28.18293558428542,90.64868838379167,28.16710531902229,93.6723760370819,28.12334972825586,95.58840556576291,28.06272935438897,97.36769062623206,27.99267990692206,99.13366532618178,27.91812723726171,100.8951723072146
27.84910552662746,36.92360858780393,27.73518465670761,102.3952516120191,27.65136051666251,104.1162972952575,28.04229184236723,56.19055100404145,28.12159528650109,80.92762251426403,28.13866349804766,90.54802108865563,28.11217442612396,93.54574866485416,28.05754428121298,95.43570749430882,27.98601739728844,97.18868109526461,27.90530445153592,98.92868754950757,27.82056254235739,100.6651390302604
27.84468586208332,36.91840161763277,27.61607456733809,102.1161967175922,27.52298211639876,103.8146140531905,28.01870560721986,56.15164662361568,28.08335127957103,80.84627559686308,28.08825928387472,90.43384628821283,28.04983762259549,93.40274185607917,27.98313728441013,95.26406734213018,27.89962023541741,96.98849368810417,27.8073071389497,98.7007022808687,27.71160681766805,100.4107249889268
27.83961035790025,36.91242218028568,27.48436369961736,101.8118342798478,27.38172752020317,103.4878356094477,27.99170801895393,56.10716884304228,28.03974031636174,80.75380063948994,28.03098306418791,90.30468748702499,27.9792689013755,93.24177797425241,27.8992571422631,95.07194045627159,27.80266570628179,96.76575860507972,27.69786122132871,98.44865923648976,27.59052160328152,100.1313353307103
27.8337825896916,36.90555676978253,27.33963361188624,101.4830967020809,27.22739279915428,103.1378069214698,27.96083297887076,56.05637400570119,27.9900880131056,80.6488986372119,27.96604035148327,90.15901896657957,27.89960447204965,93.06131045256237,27.80502316344175,94.85793267205207,27.69431251689378,96.51941480462231,27.57622004866823,98.17200902815861,27.456704188623,99.82709402652968
27.82709224296885,36.89767555088127,27.18173597269426,101.1321894555822,27.06011064303023,102.7679281193336,27.92555935937112,55.99843686368794,27.9336601534367,80.53019252042883,27.89258966057125,89.99530760242976,27.80995985513939,92.85990131889464,27.69957418234879,94.62092114500973,27.57379159232488,96.24888005801185,27.44177117892555,97.8709251318146,27.3097533611196,99.49911683255435
27.8194132039692,36.88863012183643,27.01087568857921,100.762960302441,26.88043645776561,102.383556414121,27.8853072872857,55.93244748851804,27.86966558511864,80.3962494077352,27.80975497388792,89.81207309171883,27.70945420409013,92.63632651244454,27.58210654836405,94.36021221584254,27.44045826456847,95.95426603493505,27.29410171985684,97.54657630188971,27.14954541391238,99.14983640863284
27.81060141763861,36.87825100682103,26.82769638816957,100.3813071375186,26.68943017565457,101.9924306970635,27.83943514628464,55.85741031707363,27.79726250867917,80.24561494514816,27.71664432290196,89.60797144057092,27.59724324415813,92.3897149680619,27.45192260151897,94.07574235439465,27.2938556210948,95.63664304336093,27.13307383157551,97.20145080410789,26.97631738564859,98.78337577422268
27.80049249414543,36.86634485737511,26.63335922561991,99.99560250028564,26.48872131259703,101.6050853417181,27.78723771875131,55.77224630435265,27.71556919454688,80.07686327155758,27.61237583696274,89.38190717310624,27.47256207247242,92.11972755844909,27.30849018216297,93.76832723600042,27.13378814307289,95.29835627338713,26.95890736476114,96.83972865913843,26.79075172040958,98.40595823883261
27.78889904736215,36.8526913451001,26.42960157302459,99.61709811581041,26.28053996396223,101.2352022489526,27.72794600427155,55.6757994209994,27.6236803078722,79.88866675386063,27.49611258830499,89.1331801041879,27.33477866005806,91.82678143508494,27.15151270209767,93.43996172983333,26.9604029250347,94.94339059985832,26.77226384684284,96.46769015118493,26.59405287529271,98.02633056937572
27.77560775247843,36.83703973277183,26.21875733283438,99.26025503842598,26.0676917009825,100.8998307565646,27.66072938320285,55.56684903984258,27.52069011354115,79.67989016732939,27.3671073543896,88.86167245638573,27.18345811631176,91.51232371980927,26.98100768939395,93.09416949370954,26.77427314835598,94.5777735814609,26.57432240533282,96.09413765722179,26.38800197842663,97.65616129535421
27.76037611590831,36.81910511886346,26.00371611515811,98.9429258062777,25.85345096990736,100.6193868275715,27.58470093331896,55.44413009272085,27.40572383111375,79.44971434091167,27.22475792894726,88.56808130543926,27.01843648222273,91.179155397928,26.79738937148872,92.73639439211271,26.57647501781844,94.20999574577124,26.36683384900293,95.73079325143549,26.17497085740547,97.31035829901045
27.74292895968326,36.79856436209804,25.78779578579205,98.68629799644252,25.6413475510329,100.4173313358707,27.49892684317188,55.30636322714012,27.27797824479468,79.19779427172782,27.06867272149395,88.25419942445212,26.83990087053106,90.83180110717736,26.6015476963691,92.37441655269249,26.36864515340111,93.85141337452822,26.15213442119484,95.39261712350103,25.95787247520531,97.00723104816939
27.72295463551594,36.77505170927505,25.57450397658814,98.51449945480952,25.43482647419545,100.3194299532013,27.40244097727792,55.15229751673166,27.13677226020992,78.92445609983311,26.89874495816145,87.9232440982103,26.6484700583725,90.4769127591026,26.39491224839416,92.01876325210972,26.15300081778225,93.51658225732686,25.93309654824139,95.09797342652736,25.74002248931552,96.76840667178585
27.70010100180939,36.74815417266673,25.36717168927772,98.45377207965318,25.23677626485861,100.3525229632149,27.29426570413469,54.98076852358091,26.98160733057475,78.63093581267398,26.71523170637219,87.58022787959726,26.44526613499708,90.12368415618167,26.17948506010917,91.68306919715091,25.93230112964469,93.22345282585792,25.71299167517872,94.86855428874949,25.5248884193069,96.61840138203263
27.67397122142357,36.71740673449155,25.16845873873529,98.53115187518637,25.04894540572054,100.5427895144245,27.1734400529833,54.79077458979183,26.8122364290365,78.31965974132095,26.51883110641153,87.23235707569992,26.23196365812639,89.78423992037327,25.95782198385044,91.38432328485867,25.70972490146594,92.99334087578742,25.49524210624757,94.72896499837633,25.3157113898223,96.58375722979819
27.64411947053221,36.68228749732394,24.97975790075701,98.77265414883482,24.87130176450986,100.9135782662497,27.03905605718613,54.58157403138544,26.62873840365948,77.99456240153714,26.31074762135298,86.8894326751751,26.01079840839449,89.47394574944704,25.73293920430928,91.14292211544587,25.48864191841523,92.85057883851839,25.2830472156908,94.70588121710323,25.11500310080745,96.69168695941657
27.61004669108716,36.64221295300415,24.80056068038203,99.20105306535905,24.7014291889269,101.4829842189645,26.890303691842,54.35280526288661,26.43159203288377,77.6614306300107,26.092731022117,86.56421456258516,25.78451410733857,89.21156998321015,25.50812138741042,90.98243869928767,25.27226180628686,92.82175718115545,25.07888688358576,94.8267202869004,24.92394867317271,96.96823213230101
27.57119657294539,36.59653361094291,24.62788611264339,99.83345096358444,24.53408842605828,102.2614541464006,26.72652402697871,54.10463060215671,26.22174090426457,77.32825401429115,25.86707072456403,86.27269404028232,25.55622378194908,89.01921191824475,25.28661315517154,90.92901405699469,25.06316053833699,92.93449152128886,24.88393258126593,95.117828422614,24.74178222790241,97.4360295771482
27.52695201811811,36.54453031182889,24.45590279531009,100.6789276236116,24.36108042879549,103.2497640062149,26.54726899596866,53.83790237382293,26.00063653197905,77.00555037139333,25.63652394566342,86.03420383268535,25.32916479112269,88.92190521705359,25.07118848099888,91.0102969228346,24.86271035608582,93.21570399363644,24.69743206252624,95.60227194011021,24.5652393790927,98.1118844577466
27.4766324197963,36.48541165617623,24.27587776975536,101.7366074609828,24.17152421259765,104.4376970894263,26.35236443575387,53.55434673161431,25.77024333623462,76.70662210726749,25.40415543438878,85.87128226875001,25.10633521403095,88.94681151671425,24.86361488315282,91.25389874355101,24.67047284322712,93.68948687905447,24.51617010454692,96.2974204711153,24.38821671650042,99.00443768420335
27.41949218261832,36.41831309923122,24.07655083970218,102.9944540367223,23.95259328269546,105.8036496188131,26.14197075196755,53.2567561982308,25.53298603414678,76.44768614291871,25.17307025563306,85.80920416302754,24.89001642086119,89.12194656362301,24.66406038378938,91.68539952556721,24.48365094942905,94.37471199275056,24.33413291714715,97.21259793117922,24.20176745331179,100.112257174991
27.35472101589706,36.34229840255143,23.8449575317445,104.4289914594936,23.69065569551477,107.3152252652252,25.9166327582081,52.94917626348138,25.29161890786724,76.24780928483138,24.94603147581697,85.87510107717685,24.68121287267036,89.47443323113147,24.47052656509654,92.32602846231534,24.29672260619511,95.28263869200418,24.14250276793464,98.34712100669482,23.99452294513836,101.4226504659053
27.28144664288809,36.25636428246386,23.56762360012961,106.0059911046433,23.37266170844324,108.9307073609941,25.67730716730803,52.63706474333439,25.04899905526152,76.12857621220056,24.72497333462845,86.09662390788743,24.47907319420376,90.0283512196709,24.27842117949472,93.1902345688744,24.10138183197954,96.41482718267314,23.93007072164902,99.68902024373874,23.75355189147023,102.9113887917129
27.1987406764998,36.15944924528058,23.23195948320841,107.6820049044809,22.98755523230061,110.6011782187829,25.42535336914726,52.32739566502801,24.80775407006773,76.11342332082613,24.51044759294735,86.5001541658619,24.28038956428547,90.80234173904493,24.0803952896193,94.28343093608707,23.88688105543026,97.76165676367306,23.6840794520656,101.2146431020845,23.46556997739208,104.5433807361346
27.10562849807423,36.05044772897186,22.8276281451483,109.4065260693554,22.5274762268317,112.2730211252517,25.16247136161293,52.02867347224617,24.56985029447444,76.22659311793053,24.3010729999397,87.10864410013832,24.07929419180739,91.80720713831937,23.86655000872781,95.60021555995206,23.64079917947876,99.30167393366122,23.39141165863929,102.8891987827521,23.11832347748389,106.2741886946967
27.00110401452456,35.92823074981114,22.34766433624659,111.1245353461577,21.98857262216621,113.8905792474959,24.89057124991735,51.75082028707698,24.33609115169322,76.49170348696461,24.09308766643133,87.93924891865498,23.86726890035749,93.04379535301506,23.62506135315832,97.12332834007557,23.35016762240254,101.0018726584769,23.03995260152148,104.6681677990032,22.70192270872188,108.0521896832812
26.88415012156661,35.79167423397641,21.78918361373209,112.7792256944688,21.37133060186595,115.3988117338316,24.61156314498516,51.50490136241255,24.10560375919064,76.92998253820559,23.88012016518305,89.00098780130273,23.63354717672452,94.50145698234412,23.34318710763249,98.82350649331822,23.002798653833,102.8188780844981,22.61990821411626,106.4994065449958,22.20991200591283,109.8211581313597
26.75376551377725,35.63969603320442,21.1536109660813,114.3147477258801,20.68042862070547,116.745835693086,24.32706610528266,51.30266439552638,23.87539997431434,77.55828536069399,23.6532853366212,90.29271231316491,23.36591849088693,96.15730417689987,23.00852986446892,100.6602789077051,22.58860686299485,104.7009042355343,22.12486939855684,108.3257421650418,21.63992567320304,111.523071040226
26.60899808660169,35.47130219424426,20.44645033686374,115.6788474209852,19.92419614128934,117.8852551030662,24.03805080877448,51.15588891423256,23.64011558313526,78.38707002310554,23.40166806429186,91.80165524484224,23.05185746786832,97.97640076903615,22.61036481140004,102.583629404644,22.10071389214337,106.5903025421004,21.55247261273471,110.0878582339462,20.99386926054657,113.1009677834607
26.4489844876997,35.28564226749934,19.6766842864206,116.8252689205066,19.11380020498212,118.7781660345063,23.74445201142908,51.07557205095397,23.39202766919018,79.41855004077136,23.11318666578795,93.50277812557216,22.67982150176643,99.9129006522862,22.14082178329477,104.5363816361899,21.53617655528531,108.4265010125222,20.90459335530732,111.7272862451041,20.27765301461182,114.5017114901189
26.27299430403976,35.08207218044957,18.85592840816362,117.7157855879138,18.2622931243922,119.3947182453833,23.44480982500733,51.07101237122363,23.12141797236191,80.64524635176302,22.77574396576379,95.35904587817417,22.24051579001999,101.9120522997628,21.59574344619896,106.4571140891582,20.89625922878902,110.1491299170531,20.18709467360812,113.189321544245,19.50056833567151,115.6784953810184
26.08047583386579,34.86022134893712,17.99747105364061,118.3217259009071,17.38364192828629,119.7151269009985,23.13601645990998,51.14888518482916,22.81729074436702,82.0491310351577,22.37850366911427,97.32265476572714,21.72792888467656,103.9129124927844,20.97511154895298,108.2833875607566,20.18625645173002,111.7011231660503,19.40921689413966,114.4256771265698,18.67443093603505,116.5929337832574
25.87109834339939,34.62005817353553,17.1153143546249,118.6248908012721,16.49183496071014,119.730069463281,22.81324833400145,51.3124192426458,22.46837996085248,83.60149701043804,21.91309520947152,99.33714345262236,21.13999120204459,105.8515579316851,20.28301699330494,109.9550472701951,19.41493970104675,113.0315775127728,18.58272935382077,115.3966916619222,17.8126193834012,117.2165937526529
25.64478318709585,34.361944882095,16.22330677108986,118.6178137240488,15.60013119954752,119.4404618910696,22.47014480962413,51.56077608577004,22.06431360372476,85.26361855525545,21.37456229333691,101.34023413494,20.47878542074416,107.6645421554813,19.52722415761547,111.4173489331048,18.59374299845256,114.09815909775,17.72097214879628,116.0729352768454,16.9291230819865,117.5318671340527
25.40171337567781,34.08666902715185,15.33442761330239,118.3033802796251,14.72048855028402,118.85666953047,22.09925311784511,51.88869812039374,21.59676279951141,86.98819889470546,20.76192311307125,103.2671810229957,19.75031815163911,109.2923178650722,18.71843123308133,112.6236648722654,17.73581517485963,114.8688816596902,16.83790307013282,116.4361115298041,16.03768809779302,117.5321476075451
25.14230855985702,33.79543532105778,14.46025498125794,117.6938857401001,13.86318163498594,117.997257924274,21.6927029835529,52.28644096322244,21.0604026085003,88.72153591539491,20.07828576995929,105.0543484141622,18.96392768107354,110.6823412969427,17.86935213354009,113.5375636112819,16.85505800839133,115.3231438715072,15.94724008421965,116.4792268119344,15.15111942428857,117.2213475310883
24.867150770976,33.48979881883835,13.61062335757277,116.8096536519013,13.03659916815329,116.8874198160053,21.24302134231493,52.73996094649064,20.45354766538252,90.40627136225588,19.33053943623617,106.6427088784844,18.13144282465357,111.7916062095537,16.99374498528518,114.1341243937499,15.96524672909026,115.451993181161,15.06175985297447,116.2060727804299,14.28076915277169,116.6128500352106
24.57684687169018,33.17152020565302,12.79345745579282,115.6773632476127,12.24719670469886,115.5572255644268,20.74396581440186,53.23131028504656,19.77838716678966,91.98452202589627,18.52870305121979,107.9809559354538,17.26622150924944,112.5884214889317,16.10549405030108,114.400434574223,15.07929976879094,115.257663163636,14.19278307408416,115.6301287217698,13.4362147652501,115.7280332751432
24.27181817786226,32.8423281041,12.01475564092621,114.3282376045059,11.49957238781459,114.0398377952002,20.19125530786593,53.73920656950297,19.04081274682081,93.40113297406428,17.68504978684097,109.0279715839163,16.38218904428365,113.0533372280501,15.21782371016132,114.335304923547,14.2087339687036,114.752495963463,13.34985145042233,114.7730305946741,12.62511231485863,114.5945231496573
23.95201791946936,32.50358411328195,11.27868919785545,112.7962326327433,10.79663065305621,112.3698120122722,19.5831036191529,54.23977609695211,18.24989403754548,94.60676023495222,16.81313593217323,109.7544715644571,15.49297232726234,113.1792207986865,14.34269155547524,113.9483097509255,13.36331397739526,113.9574028846942,12.54058104437543,113.6627703205523,11.85319638550771,113.2443303161785
23.61659440831034,32.15586544005577,10.58778209601212,111.1163440063097,10.13980049087034,110.5815779745539,18.92050320877425,54.70749532995588,17.41709981446829,95.56049893619317,15.92685163033631,110.1437536236689,14.61119501881218,112.9705688200464,13.49037789576592,113.2583063920617,12.55088293275063,112.9000334491542,11.77066353408858,112.3317857434776,11.1243922356334,111.7120116487143
23.26354163190357,31.79850737385599,9.943138378715833,109.3231199490657,9.52927941989082,108.7081663303758,18.20724641116581,55.11634838017661,16.55538324037697,96.23182669401605,15.0395852490074,110.1915755179486,13.74796654212891,112.4422013148468,12.66926460112109,112.2916104257299,11.77734691028645,111.6128198339913,11.04398026684933,110.8150837438704,10.44100447693331,110.0329706573296
22.88940607475466,31.4291798802865,9.344689407814787,107.4494365445084,8.964280387276251,106.7802149422038,17.44970198341637,55.44117579641571,15.67824872223182,96.60172081438908,14.1635607493011,109.9052727537773,12.91256939876011,111.6175169926402,11.88577888623254,111.0800024554731,11.0467779716104,110.1310450411756,10.36279298246853,109.1485116850674,9.803949605656788,108.2419806228385
22.48914125921986,31.04360083565976,8.791439525554104,105.5255623073889,8.443265225870064,104.8252623248289,16.65638596042336,55.659126845893,14.79889984838313,96.6629119298493,13.30937485050597,109.3022816448371,12.11232761086938,110.5264959880855,11.14446774794333,109.65872519625,10.36159896670373,108.4910550786323,9.727978167486244,107.3672604852117,9.213005145775925,106.3719822988121
22.05620835634884,30.63550010460934,8.281695139362844,103.5785126359233,7.964154228952182,102.8673135730544,15.83738070799721,55.75107100301791,13.92953929621565,96.41933491295227,12.48573283687122,108.4082596675953,11.35262517940827,109.2036242015685,10.44816544738552,108.0646018947797,9.722816000369335,106.7287027215698,9.139277589942029,105.504650039293,8.667054673821509,104.4531781371624
21.58300012589084,30.19693013598467,7.813268031541428,101.6316740780938,7.524506365377117,100.9266480891757,15.00366679556446,55.70279866385113,13.08085932965765,95.88491430937249,11.69936122265164,107.2549962865445,10.63703693541727,107.6858880365652,9.798218179507959,106.3343739397189,9.130269982057479,104.8780769994374,8.595544206774555,103.5912174970489,8.164314479272328,102.512419394518
21.06160976372257,29.71896232057867,7.38364843207665,99.70466384995802,7.121668458929656,99.01982851937306,14.16643759756348,55.50585694071866,12.2617313858453,95.08186820775819,10.95506300485253,105.8782898225246,9.967533740455233,106.0109555218502,9.194735133618583,104.5033210121235,8.582885408259944,102.9705414572914,8.094969217078704,101.6541032240311,7.702533351377148,100.5728626083625
20.48488183160717,29.19271983244274,6.990146938125175,97.81338169759036,6.752894316176607,97.15986605763912,13.33646377136272,55.15791868770088,11.47907931335744,94.03873099093879,10.25587624841782,104.3159362091494,9.344727870112502,104.2156241748772,8.636841853465739,102.6041944879657,8.078901287271258,101.0340776848267,7.635281830002821,99.71670948992521,7.279161602758245,98.65385838323866
19.84759102416492,28.61059973534879,6.630006780967038,95.97020831605391,6.415436454951014,95.3564976746149,12.5235628336818,54.66265538092235,10.73790501600052,92.78828647509917,9.603297697813318,102.6059394202003,8.768130754066092,102.3345811090997,8.122918814788903,100.6664664096616,7.616075123511473,99.09290998878959,7.213917961124492,97.79859356607436,6.891488846994688,96.77102802054044
19.14752868881527,27.96746377910649,6.300489402555248,94.18430602497186,6.106613965775704,93.61653462646952,11.73620980338954,54.02915736070036,10.04142763506418,91.36557567440445,8.997538034251807,100.785015617643,8.236402469007116,100.3994895459525,7.650814533855771,98.71587376972211,7.191855727715995,97.16737298318149,6.82815747985077,95.91554974557563,6.536752329873645,94.93648147863227
18.38626671915387,27.26155964451211,5.998937023543961,92.46198196147512,5.823860342926652,91.94424751747634,10.98130249817615,53.27100190827377,9.391296666552503,89.80610539322633,8.437782395212828,98.88742727182375,7.747579328208261,98.43838999109649,7.218027793868071,96.77422186157978,6.803524201717774,95.27397610597433,6.475231900399647,94.07983300378805,6.212218959089427,93.15913229891015
17.56942527408463,26.49498469539692,5.72281607434418,90.80708042192953,5.564755039764315,90.34176009035382,10.26407434414046,52.40510166753371,8.787843544387774,88.14434183001613,7.922437284148248,96.94415230108919,7.299271874508707,96.47538499030931,6.82185755124001,94.8594010345569,6.44830485105647,93.42561684913392,6.15240573486208,92.3004794022817,5.915244805519235,91.44507016580853
16.7063798705535,25.67360832729799,5.469745203659495,89.2213780724732,5.327042187622243,88.80943090038862,9.588132104717948,51.45047184354294,8.230343096155297,86.41253279588665,7.449351940480298,94.98236841508206,6.888830243664421,94.53056389477651,6.459521813753627,92.98556766602282,6.123449200121465,91.63189662321544,5.857035334727554,90.58368357515653,5.643315972708951,89.79795842661903
15.80946907515128,24.80649202896024,5.237511220045055,87.70496271919134,5.108639483415352,87.3462084650873,8.955587356998517,50.42703915458357,7.717264069416767,84.63986686218347,7.016008002776401,93.02521516373294,6.513477191254963,92.62011800410789,6.128248450767683,91.16344139983525,5.826296954276931,89.89949832191814,5.586609152168025,88.93320045649719,5.394074530234231,88.21943111667255
14.89286604267027,23.90494908399442,5.024075867400913,86.25658262093442,4.907639777621586,85.94995100026186,8.367248499823248,49.35458647190735,7.246495323276182,82.85195005526386,6.61967565747689,91.09178567287294,6.170411215113861,90.75659582032283,5.825341737146329,89.4006753416576,5.554317893813026,88.23259150717496,5.338773136199667,87.35074574644767,5.16533282169707,86.70947101871903
13.97132776238319,22.98144102013076,4.827575856992087,84.87395863037301,4.722307432184066,84.61770629812965,7.822842974211028,48.25189260907295,6.815540514884148,81.07056150438038,6.257537465525296,89.19729594881058,5.856883387596604,88.94925160966683,5.548228681640082,87.70226259582429,5.305138484852361,86.63323859815046,5.11134458249498,85.83637667648014,4.95507899074697,85.26675651032301
13.05902856683835,22.04850800815598,4.646318121475801,83.55405565054888,4.551071096357936,83.34595067078193,7.321245176102879,47.13609351977958,6.421678874246135,79.31363845111487,5.926782895981923,87.3533807236104,5.57025198698669,87.20444661468139,5.29448905091764,86.0709500907829,5.076556599798542,85.10178268571545,4.902317280293398,84.38884090666221,4.761476086588387,83.88897014330846
12.16863202158085,21.11788613122576,4.47877184532302,82.29331302506985,4.392514181537273,82.13078827063369,6.860692391063549,46.02226363324841,6.062092964669181,77.59543714164884,5.624677526856436,85.56846961908889,5.308019011836651,85.52606977935679,5.061872633634673,84.50763815061205,4.866547260728886,83.63720406037724,4.709860312878189,83.00588660030638,4.582856655507718,82.57306597052542
11.31068095659279,20.19989667524754,4.323558471863129,81.08783565735241,4.245364007563686,80.96811365844572,6.438977635478823,44.92319627306217,5.733966367777201,75.92681775928646,5.348611156935555,83.8482044633223,5.067852361627716,83.91595267787798,4.848306812875006,83.01175110099622,4.673261824244015,82.23743794376669,4.532312410335138,81.68453079756851,4.4177143193321,81.31549563671322
10.49331268011265,19.30312340139996,4.179440591912074,79.9335490377667,4.108480340759635,79.85374138725942,6.053613775863314,43.84935026438598,5.434555286127359,74.31560697375939,5.096128932587265,82.19586661526904,4.847597011429923,82.37426070113862,4.651897010092208,81.58156999231988,4.495022559011839,80.8996501595758,4.368173346462394,80.42128620492299,4.264693494576908,80.11239531087578
9.72225203832922,18.43433980291733,4.045310379216898,78.82632211752794,3.980843842462237,78.78350676963606,5.701967421544729,42.80892489566785,5.161238402926924,72.76699925278758,4.864949207305058,80.61279114400158,4.645277994625063,80.89984897647389,4.470922079184811,80.21452314269304,4.330314150776355,79.62047061700849,4.216093524392677,79.21234856588121,4.122578118150389,78.9597368231108
9.001005933631809,17.5986177823346,3.920178047666181,77.76206226493434,3.861544789233549,77.75334203960824,5.381363874211331,41.80802571107849,4.911549221734916,71.28396644289742,4.652971347915186,79.09875198890008,4.459097498872656,79.4905767468359,4.303826293120731,78.90743366983155,4.177773313426315,78.39618663995485,4.074862608109613,78.05374804912213,3.990280012813727,77.85344705126475
8.331177458846263,16.79954188050576,3.803160657210294,76.73678651194736,3.749772305000436,76.75933192852943,5.089166074367522,40.85088738964654,4.683194722287175,69.8676532761685,4.458276166738266,77.6523084085141,4.287427912733612,78.14357797694737,4.149209189768885,77.65672561152475,4.036177389628381,77.22289952899899,3.943397825242182,76.94146875778421,3.866827341669263,76.78949984138565
7.712828871211066,16.03946321235086,3.693471482500877,75.74667306020535,3.644804254348664,75.79775233858973,4.822831277640574,39.94012562569984,4.474063651900061,68.51774374802025,4.279121147213791,76.27110795829152,4.128802251548747,76.85548887258116,4.005814230591951,76.45859179841426,3.90443258629702,76.09664846907155,3.820732383625466,75.87154068864936,3.751353458440082,75.76398467711111
7.144841688104382,15.31974633768473,3.590410073726384,74.78809665269202,3.545997879027505,74.86509538841332,4.579949385561993,39.07699621852349,4.282227219499134,67.23278939721087,4.113932170885091,74.95214494074746,3.981903046908327,75.62263495234987,3.872516972070406,75.30912752249503,3.78156230207381,75.01350615821258,3.706004302659306,74.84010838942666,3.643086351977754,74.77315604687904
6.625242170792985,14.64098285947177,3.493353077131785,73.85765099459883,3.452781211256384,73.9580836709152,4.358266667608926,38.26164564744985,4.105934429176069,66.01049529881104,3.961293058889507,73.69197587191331,3.84555050250955,74.44118148451464,3.748313248625798,74.20443441337034,3.666695858430137,73.9696504742447,3.598445853166937,73.84348028653503,3.541338802673757,73.81346707841348
6.151477081217278,14.00316255320041,3.401745838305148,72.95216096919272,3.364645263383812,73.07367613720464,4.155698213342947,37.49334274056607,3.943603813889124,64.84796311181697,3.819933913300895,72.48689518465788,3.718690494492074,73.30725167850416,3.632307709690512,73.14069894289733,3.55905783551367,72.96141623057876,3.497373719591588,72.87816226884578,3.44549930948726,72.88159057868408
5.720636241565444,13.40580413435739,3.315094780405415,72.06868697107942,3.281136970360193,72.20906762206782,3.970331964620674,36.77068540501705,3.793812921123776,63.74189295801599,3.688718978760444,71.33307533738549,3.600382818782182,72.21701716772857,3.523702934697157,72.11424975103162,3.457958131602417,71.98533068758462,3.40217994018604,71.94087867590295,3.355023804283299,71.97443017685745
5.3296253289547,12.84805346968888,3.232960528798388,71.20452328786554,3.20185284658615,71.36168366756152,3.800426675422743,36.09177973262742,3.655286563298089,62.68874744323133,3.56663453562026,70.22667590038611,3.489789953496565,71.16676517575428,3.421789260986997,71.1215976172208,3.362782805071908,71.03813604589291,3.312323639491812,71.02858339429342,3.269428141120361,71.08912384513802
4.975295608816587,12.32875848432664,3.154951740451586,70.35719211113513,3.126433309821305,70.52917198623246,3.644405676448425,35.45439120461806,3.5268845721465,61.68488196793027,3.452777173975077,69.16392621268612,3.386166503417515,70.15294643187215,3.325935394701011,70.15946146327761,3.2729857151307,70.11680169689154,3.227323538897019,70.1384633402684,3.188281328838004,70.22304168411188
4.654538225454484,11.84652890677315,3.080719588876383,69.52443445232174,3.054557620311393,69.70939163489989,3.500847906473886,34.85606933397592,3.407589580671359,60.72664579705072,3.346342675170969,68.1411859711659,3.288849419153569,69.17220747727839,3.23557982832995,69.22478331478953,3.188080948151207,69.21852857225637,3.146751212219644,69.26793621643273,3.111199463249049,69.3737795135015
4.364350285875581,11.39978679194044,3.009952851829992,68.70419897807895,2.985939381837286,68.90040074159283,3.368477321087743,34.29424806490161,3.296495189750126,59.81045832688226,3.246615636039829,67.15498773280908,3.197249030036438,68.22141053865558,3.150223056413718,68.31473470145873,3.107635996940275,68.34074753566408,3.070225041575191,68.41464408330076,3.037840308474069,68.53914950881027
4.101879020726896,10.98681146609513,2.942373548209399,67.8946295604357,2.920322552046231,68.10044343842264,3.246151501360407,33.76632475208238,3.192794750428704,58.93286472671649,3.15295990457835,66.20206485530223,3.110840892267624,67.29764368197874,3.069420559400106,67.42671656219105,3.031265648174913,67.48111340457731,2.997404822304661,67.57644398530115,2.967898473961132,67.71716886833202
3.86444921088442,10.60578067535277,2.877733071690095,67.09405215535645,2.857477911477678,67.30793649747022,3.132850054919646,33.2697207056281,3.095770899360077,58.09057474131162,3.064809848491942,65.27936792328246,3.02915842842458,66.39822352113104,2.992776512136114,66.55835434886657,2.958626526466685,66.63749588108189,2.927986962966318,66.75139661437197,2.901101133369691,66.90604728039904
3.649578041309561,10.25480846592185,2.815808771022025,66.30096147479675,2.797199943618208,66.52145604059727,3.027663222192971,32.80192622286013,3.004785916847827,57.28048798697624,2.98166244539449,64.38407224197333,2.951786318077601,65.52069235779868,2.919938165723006,65.70748969768498,2.8894122405773,65.80796840740527,2.861700226202459,65.93775377949125,2.837204232909099,66.10417378338006
3.454980665431701,9.931979640149176,2.756400930009767,65.51400779734217,2.739304081733095,65.73972459303036,2.929780963043275,32.36053282293959,2.919272928731842,56.49970860740265,2.903070161839791,63.51357854774265,2.878354589541255,64.66281127773684,2.850590847869506,64.872169758724,2.823349077024636,64.99079574090274,2.798301957835093,65.13394527309272,2.775989139278503,65.31010346621461
3.278569045556729,9.635380380871444,2.699330103725531,64.73198416666281,2.683624281856058,64.96159867052134,2.838482695826908,31.94325511885408,2.838727940180621,55.74555170633693,2.828634574884537,62.66550869749961,2.808533357828937,63.82255042535625,2.784453526176174,64.05063504017841,2.760192187824029,64.18442086072785,2.737574754199737,64.33856558065349,2.717259680596032,64.52254434055948
3.118446060614375,9.363124661502429,2.644434771186775,63.95381415131848,2.630010884987512,64.18605702723404,2.753127785034589,31.54794444868866,2.762702667555406,55.01554356113576,2.758000682317386,61.83769776018666,2.742028152282872,62.99807742181904,2.721274880043,63.24130642957326,2.699722221763775,63.38745166937593,2.679323521040871,63.55036076313971,2.660839537302141,63.74034462255434
2.9728964167807,9.113376226572212,2.591569268406439,63.17854028035618,2.578328735129104,63.41218964306068,2.673146819144775,31.17259607436883,2.69079812092241,54.30741725349096,2.690851844330243,61.02818364385282,2.678575778053487,62.18774467774459,2.660829829420678,62.44277189531346,2.641742351950298,62.59864783206949,2.623372880943018,62.76821574908008,2.606569943743483,62.96248058885526
2.840375535173965,8.884366140234208,2.540601969280808,62.40531322361118,2.528455523188211,62.63918749214773,2.598033682167636,30.81535145975414,2.622658882219592,53.61910503423466,2.626905298970175,60.23519514809005,2.617940657815232,61.39007617553965,2.602916471921024,61.65377324339042,2.586075656045123,61.81690800106445,2.569564890030851,61.99114219981231,2.554307664832102,62.18804511441176
2.719497304185568,8.674406098802615,2.491413685146841,61.63338175101858,2.480280329971579,61.86633310669922,2.527338396579781,30.47449687140393,2.557968020786336,52.94872846726443,2.565908195235215,59.45713912967133,2.559911603255518,60.6037541532968,2.547353383503231,60.87319320128162,2.532562809419209,61.04125759632503,2.517757028386257,61.21826705443591,2.503923215725838,61.41623695550427
2.609021356750183,8.481897857664061,2.44389625697679,60.86208347940707,2.433702344427896,61.09299192976484,2.460660698771734,30.14845930915697,2.49644258762272,52.29458717002374,2.507634090459481,58.69258730404905,2.50429896954646,59.82760600732642,2.493977241807094,60.10004301980937,2.48106005521198,60.27083725505908,2.467820432198525,60.44882181716344,2.455299295824914,60.64635080822212
2.507840353249791,8.305339223513574,2.39795131706254,60.09083639634537,2.388629735985212,60.31860443612371,2.397644298279233,29.83580057074633,2.437829631381403,51.65514678012747,2.451879862161858,57.94026307188319,2.450932149912416,59.06059163914288,2.44264073503902,59.3334507201959,2.431437418898178,59.5048920172318,2.419638339023327,59.68213261656062,2.408329411490179,59.8777681477383
2.414967609693154,8.143327112764871,2.353489199670394,59.31913113716534,2.344978662263177,59.54267899029061,2.337971767045526,29.53521008357045,2.381902681992113,51.02902662465949,2.398462988443542,57.19902865311084,2.399657371339191,58.30179140109853,2.393210723016914,58.57265006451758,2.38357713837112,58.7427612797506,2.37310472064194,58.91761104143939,2.362916664743333,59.1099488356384
2.329525301095976,7.994558185277798,2.310427982523544,58.54652398209284,2.30267239563122,58.76478540406251,2.281360003325541,29.2454969947348,2.328458651458146,50.41498744539979,2.347219155059417,56.46787272679806,2.350335756298194,57.55039473928459,2.345566620475132,57.81697029042555,2.337372283710072,57.98386952634585,2.328123080869016,58.15474574016693,2.318972687806134,58.3424234697492
2.25073338572736,7.857827540300415,2.268692643104538,57.77263053448285,2.261640554045562,57.98454915206534,2.227556215515541,28.96558189420963,2.277315105376923,49.81191943508449,2.298000151283366,55.74589870920176,2.302841618994811,56.80568958978239,2.299598975978761,57.06582662304343,2.292725543695949,57.2277178214354,2.284605398252749,57.39309475742172,2.276416705679523,57.57478644220205
2.177899332212033,7.732025919326642,2.228214315679349,56.99712003771435,2.221818423346998,57.2016462018026,2.176334373378046,28.69448845192912,2.228307862867232,49.21883076250403,2.25067202052606,55.03231375170611,2.257060968044746,56.06705255226743,2.255208222779408,56.31871155643584,2.249548158771433,56.4738760429737,2.242471195952792,56.63227857378562,2.23517471106742,56.80668966591709
2.110408684307379,7.616135807329902,2.188929636644299,56.21971028672419,2.183146359754868,56.41579841422259,2.127492077250837,28.43133517448505,2.181288886660407,48.63483670408621,2.205113435275722,54.32641850169312,2.212890190608648,55.33393984124091,2.212303580657676,55.57518688237948,2.207758982515514,55.72197582022429,2.201646723181198,55.8719738080782,2.195178737828725,56.03783692654162
2.047716464098687,7.509226766383777,2.150780167305286,55.44016308995913,2.145569262668321,55.62676947140285,2.080847799465053,28.17532742764239,2.136124429019321,48.05914945336589,2.161214269279402,53.62759764051278,2.170234895866182,54.6058789979998,2.170802090246429,54.83487643406839,2.167283655831217,54.97170413660328,2.162064234465868,55.11190753923356,2.156366220812418,55.26797881551987
1.98933939053692,7.410450278848746,2.113711884533104,54.658280238308,2.109036109101212,54.83436128928352,2.036238456058002,27.92574982443983,2.092693402818639,47.4910686447088,2.118874342947683,52.93531119154796,2.129008898288615,53.88246133444925,2.13062776352636,54.09745950580393,2.128053879945027,54.22279755441593,2.123661354662283,54.35185220321974,2.118679431412329,54.49690819993607
1.934848874342001,7.319034324205727,2.077674730916345,53.87389993905919,2.073499542148036,54.03841087521191,1.993517270750416,27.68195904275314,2.050885950515176,46.92997260155571,2.078002320747248,52.24908657625129,2.089133323485272,53.16333507184004,2.091710836146969,53.36266490582812,2.090006776005218,53.47503701685398,2.086380519115974,53.59162102050517,2.082064979488304,53.72445618568808
1.883864740407009,7.234277866022868,2.042622217070724,53.08689367486283,2.038915506820757,53.23878759220835,1.952551896932166,27.44337710883126,2.010602186842271,46.37531030041262,2.038514741851437,51.5685113856312,2.050535821469139,52.44819913254113,2.053987108970235,52.63026559758168,2.053084320562417,52.7282431825272,2.050168479683009,52.83106391053565,2.046473373456037,52.95048853212063
1.836049623433935,7.155545384237489,2.008511069675886,52.29716344989544,2.005242927424281,52.43539079417607,1.913222766980224,27.20948516277219,1.971751093876391,45.82659402831307,2.000335167562606,50.89322682790274,2.013149874028733,51.7367975403012,2.017397367779867,51.9000738842966,2.017232847537667,51.98227224870143,2.014975868466433,52.07006385129654,2.011858631365202,52.17490247825956
1.791103980396569,7.082261553031077,1.975300919611659,51.50463938779505,1.972443421364741,51.62814779865339,1.875421641569017,26.97981770675597,1.934249549656061,45.28339270227218,1.963393431019796,50.2229218090293,1.976914184526396,51.02891438352088,1.981886871464569,51.17193709253308,1.98240260844858,51.23701222100546,1.980756812139109,51.30853364408772,1.978177936679679,51.39762394306503
1.748761663611964,7.013906135749727,1.942954025268153,50.70927764834989,1.940481044921367,50.81701216606303,1.839050334701465,26.75395732595016,1.898021473798372,44.74532581333994,1.927624976480059,49.55732760097073,1.941772139886625,50.32436929637762,1.947404900187695,50.44573371175271,1.948547383689466,50.4923795894106,1.947468590613046,50.54641304595597,1.945391333258493,50.61860506454043
1.708785999978266,6.950009145013898,1.911435026719525,49.91105863231639,1.909322067070184,50.0019622566958,1.804019592981923,26.5315298643997,1.862997075574651,44.21205795446488,1.892970277032191,48.89621305208217,1.907671335810916,49.62301341387136,1.913904356114808,49.72136994899832,1.915624138561953,49.7483163726297,1.915071334595915,49.78366623468501,1.913461454724053,49.83782204499317
1.670966324749142,6.890146297686182,1.880710726989848,49.10998544606066,1.87893476793542,49.18300003882563,1.770248110173745,26.31220003315505,1.829112191695137,43.68329388984748,1.859374320987144,48.23938029485721,1.874563157375528,48.92472575870423,1.881341410200915,48.99877666007797,1.883592718542638,49.00478749556135,1.883527757259524,49.02027957375343,1.882353284006921,49.05527327217826
1.635114921650326,6.83393478001976,1.85074989711065,48.30608259991947,1.849289258870919,48.36015012337712,1.737661660346413,26.0956674247774,1.7963077026332,43.15877412331292,1.826786158409118,47.586660907731,1.842402408152353,48.22941002014403,1.849675189355142,48.27790662114426,1.852415578966629,48.26177846695518,1.852802915844057,48.25625964714217,1.852033939383564,48.27097768841927
1.601064324899418,6.781029327410761,1.821523102081625,47.49939491624554,1.820357321546434,47.53345900242113,1.706192334935532,25.88166290670165,1.764529017713169,42.63827092408292,1.795158500323029,46.93791248971885,1.811146981855914,47.53699168751935,1.818867499015425,47.55873210714701,1.822057544911756,47.51929332699778,1.822863999545896,47.49163153629019,1.822472483784687,47.48497338204739
1.56866494254977,6.73111861510522,1.793002545205694,46.68998662501952,1.792112263739016,46.70299447046339,1.675777870832593,25.66994536536902,1.733725620411598,42.12158476985195,1.764447364074169,46.29301560905494,1.780757571275383,46.84741550359124,1.788882576791472,46.84124274621011,1.792485597598321,46.7773528369833,1.793680140495022,46.72643731379269,1.793639754554749,46.69731637762484
1.537782964392512,6.683921950415713,1.765161928583885,45.877940626667,1.764528789813741,45.86884520900063,1.646361058209263,25.46029877325419,1.703850666398017,41.60854116907667,1.734611759139449,45.65187108956503,1.751197409911927,46.16064320567803,1.759686873381322,46.12544362151224,1.763668684082539,46.03599288558705,1.765222245028313,45.96073473061281,1.76550821119521,45.90807960339016
1.508298521317169,6.639186253013714,1.737976327829774,45.06335790331866,1.737582884125913,45.03112051615544,1.617889218182883,25.25252955168936,1.674860627784754,41.09898782666399,1.705613408410473,45.01439760116972,1.722432042320136,45.47665152501349,1.731248857445092,45.41135359467368,1.735577547426638,45.29526308849842,1.737462842814744,45.19459607561333,1.73805179893156,45.11735201619217
1.480104066487337,6.596683307286254,1.711422079302501,44.24635706119096,1.71125170579293,44.1899501643659,1.59031374166427,25.04646420354312,1.646714977881309,40.59279211968122,1.677416500598683,44.3805295235497,1.694429119657521,44.795430417315,1.703538841537017,44.69900382695927,1.708184574881937,44.55522556026109,1.710375951693715,44.42810718809785,1.711245826212338,44.32523786585023
1.453102951897309,6.556207269250086,1.685476678366213,43.42707398804613,1.685513493472574,43.34548437010469,1.563589681814112,24.84194719121682,1.619375911471272,40.08983885219677,1.649987469963452,43.75021505460185,1.667158217387466,44.11698149994857,1.676528826561596,43.98843647677338,1.681463661929909,43.81595383911831,1.683936956354245,43.66136660579365,1.685066854482625,43.53185608240413
1.427208176821613,6.517572409840752,1.660118687365883,42.60566161083405,1.660347478948731,42.49789386044301,1.537675393486195,24.63883903696858,1.592808096261029,39.59002826083682,1.623294800044587,43.12341453779175,1.640590672466159,43.44131667332567,1.650192362537891,43.27970355394649,1.655390090295374,43.0775319474634,1.658122499215262,42.89448483230051,1.659492598778668,42.73733977109625
1.402341287349055,6.480611076321076,1.635327652168149,41.78228973961073,1.635733808468642,41.64737002196451,1.512532213870005,24.43701462419625,1.566978451700684,39.0932742450512,1.59730884850019,42.50009898487304,1.614699437680122,42.76845690628851,1.624504423733645,42.57286591318277,1.629940418281029,42.34005357215004,1.632910382070041,42.12758370948234,1.63450183786854,41.94183580117192
1.378431408612149,6.445171853916452,1.611084026254279,40.95714498470011,1.611653470900483,40.79412511808988,1.488124179275347,24.23636167993737,1.541855951858698,38.59950279837985,1.57200169051669,41.88024877265509,1.58945895109416,42.09843116719959,1.599441296473164,41.86799237076484,1.605092381977394,41.60362135043372,1.608279477234894,41.36079588159846,1.610074332819093,41.14550447569548
1.355414393494183,6.4111179104502,1.587369101472916,40.13043073481318,1.588088231888542,39.93839256128954,1.464417773640105,24.03677942045343,1.517411449451398,38.10865061920413,1.547346978577015,41.26385249456116,1.564845018825263,41.43127548426147,1.574980478134205,41.16515893019137,1.580824806081151,40.86834624869521,1.584209647096487,40.59426433916433,1.586190753004999,40.34851927057281
1.333232073535504,6.378325507618952,1.564164944665317,39.30236718447382,1.565020573277762,39.08042722697436,1.441381704900129,23.83817734331101,1.493617518494384,37.62066388149785,1.523319816651042,40.65090594963436,1.540834709580939,40.76703212025856,1.551100586033345,40.46444810386762,1.557117523210763,40.13434702235291,1.560681671086884,39.82814203160768,1.562832608693812,39.55106663185266
1.311831599485291,6.346682663536894,1.541454339467332,38.47319139964132,1.542433637161441,38.22050579604662,1.418986705847361,23.64047415085142,1.470448313361952,37.13549714800574,1.499896647115084,40.04141125339709,1.517406259594965,40.10574884842742,1.527781275060158,39.76594831928113,1.533951300744363,39.40174974650511,1.537677179232797,39.06259153875248,1.539982189443978,38.75334582115826
1.291164860474466,6.31608795223169,1.519220732672034,37.64315741086562,1.520311173977439,37.35892711320498,1.397205356527534,23.44359679132875,1.44787944231868,36.65311241002149,1.477055148918595,39.435376056581,1.494538986763079,39.44747831755121,1.505003163060666,39.06975339928645,1.511307774323576,38.67068740787006,1.515178591527987,38.29778479203171,1.517622507642514,37.95556879978652
1.271187972137173,6.286449426849473,1.497448184606227,36.81253632368067,1.498637494140185,36.49601254811945,1.376011925599771,23.24747960529526,1.425887853829779,36.173478239556,1.454774145700671,38.83281285921019,1.47221321292902,38.79227749562346,1.482747763092867,38.37596210719958,1.489169387270536,37.94129954951752,1.493169062467079,37.53390283710697,1.495737246587278,37.15796014261939
1.251860825200624,6.257683654391218,1.476121323034445,35.98161643624319,1.477397422749811,35.63210634655155,1.355382228404024,23.052063566018,1.404451734167997,35.69656904115601,1.433033522719603,38.23373840884724,1.450410193400343,38.14020718257043,1.460997421783909,37.6846777483758,1.467519335255641,37.21373196071555,1.471632430156982,36.7711356302666,1.474310712586998,36.36075697351799
1.233146687112817,6.229714850835196,1.455225300156519,35.15070335446431,1.456576256966605,34.76757595839982,1.335293499764554,22.85729560381802,1.38355041501915,35.2223643919754,1.411814151598956,37.63817317302251,1.429112052885902,37.49133158353963,1.439735263111563,36.99600782082051,1.446341515632525,36.48813640496802,1.450553169490036,36.00968186159549,1.453327790611529,35.56420891433876
1.215011850200201,6.20247410648691,1.434745752310461,34.32012009508073,1.436159725679836,33.902812329518,1.315724279803869,22.66312800524507,1.363164289948806,34.75084845991909,1.391097822015852,37.0461408769516,1.408301727145152,36.84571793519251,1.418945137013954,36.31006370817126,1.42562048092549,35.7646703799864,1.429916348922338,35.24974879846555,1.432773903076629,34.76857804011703
1.197425320657219,6.175898692328333,1.41466876203218,33.49020716726553,1.416133951135546,33.03823014399291,1.29665431125611,22.46951787892527,1.343274738732714,34.28200949077896,1.370867179563766,36.45766809862726,1.387962909725056,36.20343617826745,1.398611572302513,35.62696040909609,1.405341396014694,35.04349690394407,1.409707590452314,34.49155214338953,1.412634971392539,33.97413883332487
1.180358543379682,6.149931439006989,1.394980822158074,32.66132262351357,1.396485412219172,32.17426800340884,1.278064446956257,22.2764266807698,1.323864058675649,33.81583935627542,1.351105669115237,35.87278391425514,1.368080003235228,35.56455867042602,1.378719733415022,34.94681629778897,1.385489998616897,34.32478432290222,1.389913032439736,33.7353159007267,1.392897379944921,33.18117813042876
1.163785158276058,6.124520180912302,1.375668801686825,31.83384207064901,1.377200909116335,31.31138852946362,1.25993656634473,22.08381979199637,1.304915402149902,33.35233315580881,1.331797483091098,35.291519587792,1.348638074677322,34.92915993406408,1.359255380599837,34.26975291081256,1.366052562705288,33.60870613478161,1.370519294944682,32.98127224712853,1.373547942210867,32.38999505426018
1.147680784235289,6.099617258528242,1.356719913143041,31.00815863191109,1.358267529099653,30.45007837617236,1.242253499969541,21.8916661441107,1.286412719677587,32.89148886553104,1.312927514113779,34.71390829905278,1.329622814401688,34.29731643436645,1.340204833169641,33.59589475604819,1.347015864551939,32.89544082568921,1.351513447300217,32.2296614009721,1.354573868742467,31.60090092597147
1.132022827406284,6.075179072932723,1.338121681208673,30.18468285118599,1.339672613211772,29.59084813780408,1.224998961092502,21.69993788562152,1.268340707962142,32.43330702906388,1.294481311584221,34.13998490548806,1.311020498314341,33.6691063834229,1.321554935504438,32.92536913997051,1.328367151111355,32.185171714803,1.332882977662449,31.48073148635561,1.335962736776397,30.81421915059268
