waveVsWave(?x (OP("/M0" "gm") / OP("/M0" "ids")) ?y (OP("/M0" "gm") / (6.283185 * OP("/M0" "cgg")))) (Ln=1.3e-07) X,waveVsWave(?x (OP("/M0" "gm") / OP("/M0" "ids")) ?y (OP("/M0" "gm") / (6.283185 * OP("/M0" "cgg")))) (Ln=1.3e-07) Y,waveVsWave(?x (OP("/M0" "gm") / OP("/M0" "ids")) ?y (OP("/M0" "gm") / (6.283185 * OP("/M0" "cgg")))) (Ln=2.3e-07) X,waveVsWave(?x (OP("/M0" "gm") / OP("/M0" "ids")) ?y (OP("/M0" "gm") / (6.283185 * OP("/M0" "cgg")))) (Ln=2.3e-07) Y,waveVsWave(?x (OP("/M0" "gm") / OP("/M0" "ids")) ?y (OP("/M0" "gm") / (6.283185 * OP("/M0" "cgg")))) (Ln=3.3e-07) X,waveVsWave(?x (OP("/M0" "gm") / OP("/M0" "ids")) ?y (OP("/M0" "gm") / (6.283185 * OP("/M0" "cgg")))) (Ln=3.3e-07) Y,waveVsWave(?x (OP("/M0" "gm") / OP("/M0" "ids")) ?y (OP("/M0" "gm") / (6.283185 * OP("/M0" "cgg")))) (Ln=4.3e-07) X,waveVsWave(?x (OP("/M0" "gm") / OP("/M0" "ids")) ?y (OP("/M0" "gm") / (6.283185 * OP("/M0" "cgg")))) (Ln=4.3e-07) Y,waveVsWave(?x (OP("/M0" "gm") / OP("/M0" "ids")) ?y (OP("/M0" "gm") / (6.283185 * OP("/M0" "cgg")))) (Ln=5.3e-07) X,waveVsWave(?x (OP("/M0" "gm") / OP("/M0" "ids")) ?y (OP("/M0" "gm") / (6.283185 * OP("/M0" "cgg")))) (Ln=5.3e-07) Y,waveVsWave(?x (OP("/M0" "gm") / OP("/M0" "ids")) ?y (OP("/M0" "gm") / (6.283185 * OP("/M0" "cgg")))) (Ln=6.3e-07) X,waveVsWave(?x (OP("/M0" "gm") / OP("/M0" "ids")) ?y (OP("/M0" "gm") / (6.283185 * OP("/M0" "cgg")))) (Ln=6.3e-07) Y,waveVsWave(?x (OP("/M0" "gm") / OP("/M0" "ids")) ?y (OP("/M0" "gm") / (6.283185 * OP("/M0" "cgg")))) (Ln=7.3e-07) X,waveVsWave(?x (OP("/M0" "gm") / OP("/M0" "ids")) ?y (OP("/M0" "gm") / (6.283185 * OP("/M0" "cgg")))) (Ln=7.3e-07) Y,waveVsWave(?x (OP("/M0" "gm") / OP("/M0" "ids")) ?y (OP("/M0" "gm") / (6.283185 * OP("/M0" "cgg")))) (Ln=8.3e-07) X,waveVsWave(?x (OP("/M0" "gm") / OP("/M0" "ids")) ?y (OP("/M0" "gm") / (6.283185 * OP("/M0" "cgg")))) (Ln=8.3e-07) Y,waveVsWave(?x (OP("/M0" "gm") / OP("/M0" "ids")) ?y (OP("/M0" "gm") / (6.283185 * OP("/M0" "cgg")))) (Ln=9.3e-07) X,waveVsWave(?x (OP("/M0" "gm") / OP("/M0" "ids")) ?y (OP("/M0" "gm") / (6.283185 * OP("/M0" "cgg")))) (Ln=9.3e-07) Y,waveVsWave(?x (OP("/M0" "gm") / OP("/M0" "ids")) ?y (OP("/M0" "gm") / (6.283185 * OP("/M0" "cgg")))) (Ln=1.03e-06) X,waveVsWave(?x (OP("/M0" "gm") / OP("/M0" "ids")) ?y (OP("/M0" "gm") / (6.283185 * OP("/M0" "cgg")))) (Ln=1.03e-06) Y,waveVsWave(?x (OP("/M0" "gm") / OP("/M0" "ids")) ?y (OP("/M0" "gm") / (6.283185 * OP("/M0" "cgg")))) (Ln=1.13e-06) X,waveVsWave(?x (OP("/M0" "gm") / OP("/M0" "ids")) ?y (OP("/M0" "gm") / (6.283185 * OP("/M0" "cgg")))) (Ln=1.13e-06) Y,waveVsWave(?x (OP("/M0" "gm") / OP("/M0" "ids")) ?y (OP("/M0" "gm") / (6.283185 * OP("/M0" "cgg")))) (Ln=1.23e-06) X,waveVsWave(?x (OP("/M0" "gm") / OP("/M0" "ids")) ?y (OP("/M0" "gm") / (6.283185 * OP("/M0" "cgg")))) (Ln=1.23e-06) Y
1.161683260742146,33827501981.06591,0.891622633580648,13887197843.07409,0.779795234868833,7149441950.987506,0.7407013298420375,4452741044.351169,0.7182762592581983,3060575657.500342,0.7012650162004042,2237160215.755363,0.6871788372662644,1707787308.269105,0.6752194839363882,1346919377.642775,0.6649724959524529,1089783115.322639,0.6561422155123897,900050217.4640139,0.6484929606377723,756028916.2512788,0.6418321304929702,644108840.0584918
1.18445234781345,34119695617.12737,0.9168436012555117,14175326641.15785,0.8014786197649211,7302865212.98317,0.7605625223726008,4545396969.71629,0.7372164525592967,3123349321.819661,0.7195992190579126,2282747951.891469,0.7050568370441017,1742487496.069707,0.69273330554172,1374257767.405224,0.6821871115314116,1111899972.824599,0.673106695032257,918324093.9316506,0.6652456852427046,771389452.3327966,0.658403768634847,657206509.2745932
1.207661348598952,34405435255.98121,0.9426737602679077,14464527028.33068,0.8238401885061031,7458976530.64203,0.7810122495650654,4639626850.060694,0.7566927890682428,3187125649.569755,0.7384365225306567,2329030090.463226,0.7234142993844226,1777696756.43773,0.7107084160541717,1401984968.663288,0.6998484666928715,1134323202.065793,0.690505967238893,936845418.902825,0.6824232158084438,786953901.5096207,0.675391749191929,670475040.7885536
1.23133876145387,34684889591.16654,0.9691147192777188,14754350702.75894,0.8469058872097761,7617780309.826384,0.802074904315786,4735458258.444654,0.7767266533431124,3251923153.50543,0.7577962643640546,2376018948.787044,0.742269123270043,1813423619.899606,0.7291616385251063,1430107103.146244,0.717972543600642,1157057325.978722,0.7083553368854882,955617615.9440421,0.7000402992699708,802724908.8560951,0.6928103519714391,683916514.4943299
1.255515036489354,34958244216.44826,0.996167807698597,15044329422.95037,0.870702329581058,7779270270.708671,0.8237761556934722,4832917900.674749,0.7973405926147218,3317760516.885161,0.7776988129515539,2423727119.227898,0.7616401386989824,1849676866.054801,0.7481106524012013,1458630497.776177,0.7365761232837509,1180107032.399579,0.7266708619766199,974644240.6068255,0.7181123988087601,818705225.4830766,0.7106745424448571,697533096.0726575
1.280222743954718,35225702318.50114,1.023834314882084,15333978846.84094,0.8952567251787811,7943427646.919412,0.8461430117870283,4932031217.984536,0.8185583931697322,3384656487.867089,0.7981656374595711,2472167436.278945,0.7815471696935228,1886465515.203156,0.7675740507244379,1487561685.708073,0.7556768382629363,1203477178.746219,0.7454694027650056,993928986.3154687,0.7366557399220085,834897714.5902292,0.7290000154171333,711327042.7658417
1.305496768094684,35487485512.21256,1.052115760630447,15622802778.03373,0.9205967930380654,8110219233.305035,0.8692038820507133,5032821913.987615,0.8404051616587743,3452629747.277043,0.8192193834080452,2521352931.907109,0.8020111024142472,1923798814.144539,0.7875714019952755,1516907404.345775,0.7752932294499578,1227172795.093929,0.7647686746976695,1013475689.430897,0.7556873601759574,851305357.1266302,0.7478032421611543,725300709.0077522
1.331374529570895,35743834827.67705,1.08101419322997,15910297735.80922,0.9467506607152573,8279595299.179697,0.8929886380970976,5135311395.887283,0.8629074114398454,3521698745.269641,0.840883954111116,2571296776.893429,0.8230539588266682,1961686214.875483,0.8081233171295854,1546674589.539879,0.7954448077213457,1251199085.166593,0.7845873056845953,1033288333.167751,0.7752251629911243,867931256.847435,0.7671015213436789,739456551.7643814
1.35789623999015,35995011861.71232,1.110532510498452,16195957755.41636,0.9737467495371679,8451487393.80127,0.917528671653646,5239518119.452077,0.8860931539985899,3591881501.888313,0.863184598393288,2622012205.592283,0.8446989764025562,2000137344.686482,0.829251521980145,1576870365.060106,0.8161521206085141,1275561424.64496,0.8049448981015904,1053371049.986349,0.7952879758439489,884778644.5025476,0.7869130341036616,753797135.4056069
1.385105192605558,36241300110.07027,1.140674798921721,16479279319.28305,1.001613647748515,8625806082.316793,0.9428569481399377,5345456827.044223,0.909991995394793,3663195366.010581,0.8861480050003842,2673512421.200713,0.8669706943726965,2039161965.946358,0.8509789359364142,1607502026.266632,0.8374368245900813,1300265356.105145,0.8258620959817333,1073728121.985272,0.8158956133099068,901850880.8474178,0.8072569036823305,768325135.8834782
1.413048093859804,36483006499.25017,1.171446685854605,16759766318.3546,1.030379974367199,8802438663.407354,0.9690080540452829,5453137668.127294,0.9346352375630667,3735656726.658492,0.9098024041187969,2725810478.283774,0.8898950470814642,2078769923.618689,0.8733297571617208,1638577016.738109,0.8593217635200057,1325316579.766133,0.847360657896532,1094363978.748625,0.8370689454180497,919151458.0835135,0.8281532600471225,783043343.9535418
1.441775441131886,36720463138.77362,1.202855700000382,17036934945.63932,1.060074237870865,8981246933.920391,0.996018236001346,5562565192.312317,0.9600559841395331,3809280670.185315,0.9341776763975749,2778919138.951876,0.9134994650249003,2118971078.300156,0.8963295550744407,1670102896.426167,0.8818310537766246,1350720939.090964,0.8694635360792557,1115283191.99025,0.8588299718364716,936683999.2764283,0.8496233099989848,797954667.1021918
1.471341952841448,36954029315.79028,1.234911635954103,17310318430.75782,1.090724695325679,9162065080.2712,1.023925429167517,5673737206.28548,0.9862892502886155,3884080576.447729,0.959305469831125,2832850698.742503,0.9378129841808245,2159775222.306026,0.9200053707284556,1702087299.704141,0.9049901767728911,1376484400.133402,0.8921949623987955,1136490466.225607,0.8812019024627266,954452255.2033509,0.8716894133049723,813062129.7922828
1.501807057970758,37184093753.80206,1.267626919472378,17579471534.17066,1.122359219182226,9344697790.425238,1.052769272302449,5786643488.076509,1.013372075758215,3960067646.775577,0.9852193248004654,2887616777.937151,0.9628663642592906,2201191976.061255,0.9443858257971093,1734537881.464489,0.9288260795266364,1402613023.355435,0.9155805418530552,1157990624.57341,0.9042092450530783,972460097.9860163,0.8943751654560227,828368871.5539736
1.533235453097953,37411077155.95956,1.301016971269899,17843974731.96645,1.155005180630733,9528918692.670544,1.082591106717141,5901264355.277385,1.041343640090837,4037250356.402406,1.011954807480987,2943228073.762399,0.9886922165108885,2243230661.79683,0.9695012409123995,1767462249.199228,0.9533672840510614,1429112926.462699,0.939647354316267,1179788588.648035,0.92787790058982,990711510.7541646,0.9177054877135622,843878142.3637534
1.565697736211808,37635435050.60867,1.33510056848336,18103438035.76023,1.188689360027733,9714469236.752243,1.113433956238712,6017569088.222925,1.070245378556962,4115633824.071809,1.039549651696606,2999694068.704277,1.015325141724279,2285900151.312776,0.9953837641550375,1800867878.77807,0.9786440063888099,1455990236.617658,0.964424065344357,1201889351.350757,0.9522352671569289,1009210572.461823,0.9417067251786155,859593294.6562711
1.599271127915361,37857660952.3159,1.369900204422937,18357504406.56923,1.223437896354355,9901058137.710539,1.145342485418146,6135514215.017247,1.100121096951356,4195219091.845557,1.068043909124032,3057022690.031198,1.042801879017073,2329208684.367688,1.022067510528161,1834762011.428838,1.00468828617658,1483251030.199436,0.9899410469161922,1224297941.205369,0.9773103531709429,1027961436.844719,0.9664067536935084,875517771.2045081
1.634040292141514,38078289845.16717,1.405442448786637,18605852735.80518,1.259276288799768,10088361501.35129,1.178362933562566,6255041672.836869,1.131017082903306,4276002308.777107,1.097480107515556,3115219915.599893,1.071161465968042,2373163654.108339,1.049588713273808,1869151529.236702,1.031534127689079,1510901258.091436,1.016230509065104,1247019376.715367,1.003133900895891,1046968304.363587,0.9918350964692424,891655087.9842206
1.670098270217624,38297901986.31499,1.441758312087838,18848200380.22376,1.296229464234119,10276023741.2522,1.212543022849445,6376076869.32515,1.1629822108038,4357973813.151755,1.127903416301199,3174289321.13638,1.100445410544131,2417771355.882698,1.077985887901057,1904042806.327524,1.059217653368232,1538946654.30276,1.043326643433057,1270058609.051069,1.02973852125766,1066235385.827788,1.018023051420974,908008811.0096049
1.707547544048043,38517127016.01701,1.478883619596249,19084305250.4327,1.334321924406923,10463659379.50292,1.247931839883377,6498526679.195616,1.196068036862139,4441117109.516287,1.159361818537693,3234231564.465049,1.130697875131032,2463036695.807525,1.107300009780853,1939441532.804045,1.08777727089171,1567392625.579216,1.07126577985688,1293420451.213314,1.057158841063301,1085766856.240973,1.045003830289378,924582525.9913516
1.746501246352872,38736648345.07558,1.516859401587548,19313967464.15002,1.37357798607486,10650855796.54336,1.284579691688284,6622277424.346154,1.230328880200072,4525407738.819042,1.191906287678324,3295043802.62281,1.161965872766526,2508962855.607972,1.137574706115278,1975352508.481409,1.117253854868388,1596244119.54918,1.100086557168825,1317109491.675846,1.0854316638224,1105566797.261812,1.072812710725928,941379799.5291401
1.787084538326218,38957207770.79098,1.555732308123372,19537030585.68275,1.4140221258769,10837176959.86832,1.322537939386027,6747192900.62663,1.265821885320901,4610812042.764274,1.225590967031071,3356719038.454089,1.194299475384239,2555550910.528585,1.168856462996392,2011779403.541104,1.147690944259439,1625505468.896142,1.129830109457537,1341129990.393635,1.114596145458207,1125639126.536401,1.101487202623884,958404130.4138535
1.829436177772577,39179610247.17068,1.59555505794351,19753382481.96179,1.455679439659185,11022168118.35877,1.361858815774198,6873112530.432424,1.302607060826796,4697285827.079958,1.260473349043617,3419245394.141092,1.227752033481597,2602799397.541712,1.201194848116125,2048724483.40886,1.179134956602479,1655180209.07266,1.16054026908402,1365485754.994528,1.144693986281442,1145987512.045982,1.131067230081325,975658889.4876112
1.873710303755051,39404728702.83707,1.636386932362707,19962955832.80891,1.498576223218572,11205361400.94484,1.4025952367191,6999849736.729248,1.34074728900373,4784772932.960393,1.29661445069967,3482605310.176976,1.262380406106724,2650703831.648172,1.234642749454921,2086188295.477256,1.211635420048791,1685270867.188984,1.192263787771241,1390179994.964041,1.175769640673816,1166615269.537205,1.16159533048419,993147246.4018284
1.920078467044164,39633508759.15911,1.678294326354906,20165728338.77579,1.542740678286864,11386282208.49178,1.44480062069903,7127190649.792903,1.380308300993051,4873203731.663796,1.33407898034214,3546774669.530938,1.29824519939058,2699256168.758018,1.269256629939479,2124169315.744152,1.245245224093462,1715778719.941736,1.22505057707415,1415215151.706644,1.20787054598348,1187525241.078494,1.193116872290723,1010872081.537254
1.96873193917758,39866973149.56044,1.721351370316164,20361722673.67422,1.588203744302969,11564456240.16674,1.488528735851839,7254893271.297784,1.421358612907477,4962493564.345388,1.372935490183928,3611721848.181843,1.335411011008102,2748444214.418132,1.30509679759059,2162663554.016143,1.280020889662789,1746703518.805768,1.258953969473059,1440592702.539542,1.241047372159452,1208719652.832103,1.225680293175839,1028835881.319342
2.019884336695518,40106225576.27721,1.765640637368939,20551006230.54654,1.63500005346255,11739416954.2803,1.533833599270265,7382687229.439642,1.463969419658784,5052541157.945273,1.413256507686083,3677406694.835074,1.3739466769149,2798250978.461955,1.342227690048463,2201664117.006986,1.31602285889562,1778043181.19887,1.294031001197284,1466312936.962067,1.275354293632194,1230199950.265326,1.25933736024452,1047040615.193989
2.073774601041749,40352453660.14175,1.811253952553705,20733690709.00681,1.683169004062391,11910713232.6307,1.580769458690101,7510274261.237914,1.508214445715226,5143227058.584943,1.455118637977264,3743779444.560477,1.413925515461905,2848653976.422653,1.380718171528295,2241160729.394443,1.353315804481391,1809793446.932007,1.330342717651552,1492374703.953825,1.310849284862992,1251966609.261847,1.294143454032502,1065487592.639309
2.130670378612959,40606930538.8681,1.858293321898181,20909931588.28957,1.732755945617828,12077916999.83989,1.629390891644368,7637329551.60241,1.554169755792832,5234412136.658164,1.498602628717404,3810779573.458428,1.455425562544195,2899624479.200747,1.420641839185545,2281139213.610428,1.391968957757275,1841947499.944325,1.367954501951177,1518775129.584249,1.347594440810002,1274018921.946516,1.330157877960832,1084177298.794641
2.190871849341054,40871014545.9269,1.906872001208707,21079927523.64822,1.78381346891213,12240630546.93569,1.679753061024876,7763504040.894566,1.601913533892765,5325936232.674282,1.543793388506891,3878334604.561818,1.498529789826182,2951126712.957515,1.462077334522136,2321580929.728378,1.432056453873168,1874495556.033151,1.406936426532529,1545509304.844892,1.385656323260563,1296354756.505529,1.367444194772325,1103109207.600418
2.254716055768889,41146146251.08547,1.95711572653781,21243919693.62535,1.836402795223016,12398493321.80466,1.731912168171445,7888427781.856302,1.651525846354211,5417617029.655194,1.590779950436993,3946358879.458411,1.543326296384169,3003117011.520876,1.505108653815624,2362462177.163346,1.473657691154298,1907424417.935892,1.447363627042232,1572569944.299369,1.42510633351539,1318970290.856384,1.40607059121854,1122281571.765755
2.322581787491981,41433841960.39928,2.00916413068702,21402191111.84488,1.890595261528158,12551187976.75154,1.785926144516155,8011714382.253785,1.703088413796553,5509249255.723088,1.639655374097441,4014752316.187112,1.589908462468667,3055542923.852227,1.549825449596757,2403753559.903227,1.516857700273559,1940716999.585893,1.489316696662712,1599947016.811454,1.466021111227937,1341859720.664041,1.446110271841969,1141691189.406085
2.394895077612024,41735682553.09903,2.063172372838319,21555065899.00549,1.946473902456425,12698445502.36554,1.841855620024649,8132966512.242313,1.756684427853536,5600604337.936526,1.690516582836958,4083399182.584452,1.638375052761057,3108342279.609121,1.596323312968821,2445419316.571195,1.561747516940668,1974351821.511402,1.532882097636387,1627627350.155465,1.508482958237616,1365014942.851343,1.487641882054099,1161333147.793122
2.472135367827291,42053296271.00259,2.119313011494702,21702908488.28762,2.0041351349491,12840049323.15046,1.89976520106331,8251782388.036777,1.812398461015744,5691430643.013099,1.743464138927202,4152166926.241638,1.688830255861985,3161442217.056189,1.64470402414939,2487416615.795124,1.608424549491235,2008302479.039105,1.578152584934904,1655594211.601374,1.552580284913236,1388425216.321378,1.530749959777371,1181200545.281691
2.554842396078536,42388333769.36154,2.177778154361288,21846122709.9367,2.063690557764633,12975838279.20053,1.959725082133746,8367763070.689398,1.870316530854006,5781454448.90181,1.798601968151559,4220905118.241773,1.74138364734798,3214758180.305805,1.695075756214276,2529694816.29899,1.656992930020061,2042537084.100216,1.625227634716898,1683826866.45022,1.598408074757929,1412076801.974305,1.575525413614604,1201284193.04035
2.643623854083022,42742433385.11813,2.238781922606269,21985150667.73841,2.12526888479328,13105708464.75857,2.021813005851824,8480520347.080647,1.930526392109696,5870381788.975637,1.856037057790082,4289444588.093814,1.796150066306476,3268192898.170303,1.747553214970866,2572194690.232001,1.707563834617984,2077017680.003208,1.674213867378691,1712300115.829215,1.646068360730107,1435952584.113827,1.622066023737017,1221572298.601663
2.739163850042973,43117174181.79086,2.302563271074241,22120471280.67352,2.189018038328128,13229613934.35757,2.086116574726735,8589684897.109921,1.993118139920901,5957901293.255425,1.915879168323004,4357596851.120324,1.853249400743459,3321635366.047241,1.802257696718389,2614847608.214101,1.760255755017503,2111699626.675756,1.725225451620711,1740983813.743104,1.695670703824101,1460031674.843248,1.670476959335193,1242050133.322148
2.842232192246532,43514013898.12595,2.369389210417781,22252598316.25775,2.255107435675584,13347566316.81113,2.152735908141422,8694914403.995909,2.058185212876111,6043688114.347644,1.97824061929004,4425153955.022091,1.912806286747391,3374959866.530313,1.859317046158159,2657574686.452182,1.815194700870548,2146530951.969032,1.77838447210041,1769842361.425487,1.747332660874075,1484289001.916419,1.720871303449632,1262699685.445868
2.953694479534948,43934208478.17243,2.439558481654332,22382077686.75162,2.323730509540089,13459633394.02968,2.221786629984255,8795901239.728117,2.125825883774209,6127408967.077205,2.043236232768053,4491888895.738375,1.974949740931778,3428025084.820036,1.918865499997169,2700285901.46203,1.872514309556099,2181451663.362077,1.83382123912752,1798834174.626666,1.801180224300555,1508694878.675301,1.773370572199585,1283499299.455789
3.074522941327354,44378709425.51469,2.513405738167777,22509483714.19507,2.395107509299754,13565936704.05724,2.293403168027063,8892379358.686357,2.196145317516764,6208728230.408596,2.110983542058486,4557556768.440261,2.039812766447022,3480673401.665926,1.981043409267966,2742879188.04192,1.932355839756769,2216393014.886634,1.89167451489945,1827911117.065538,1.857348211729196,1533214552.253391,1.82810521082089,1304423300.684807
3.205807908890299,44848034856.09038,2.591306294392237,22635413993.56594,2.469488636468778,13666648215.42881,2.367742346389435,8984130059.479557,2.269258259000029,6287314962.429284,2.181603395512906,4621896820.293708,2.107532000226205,3532730478.214854,2.045996846762199,2785239552.784642,1.994868027379512,2251276727.791993,1.952091627708448,1857017891.664694,1.915980578386353,1557807723.454896,1.885215043566647,1325441601.770651
3.34876971571969,45342109902.22741,2.67368150395567,22760482393.72061,2.547157573216199,13761986093.3398,2.444987257692804,9070986324.656998,2.345292390083083,6362850572.588069,2.255221102075918,4684635549.553936,2.178247502617968,3584005280.345708,2.113877127036423,2827238259.711532,2.060206789528117,2286014172.170105,2.015228444549367,1886091381.59467,1.977230620527518,1582428029.246939,1.944849648662637,1346519284.696242
3.504770712232922,45860072162.33018,2.761004832375842,22885309631.72222,2.628435467674742,13852209538.15248,2.525351411530822,9152835513.309395,2.424392366080745,6435036792.5325,2.331968271621799,4745490943.62401,2.252102828171322,3634290718.765172,2.184840296724169,2868732176.555461,2.128534776420924,2320505532.316912,2.081249175349299,1915059937.200839,2.04126103493744,1607022477.630221,2.007168623684172,1367616149.361743
3.675326931559368,46400038360.71648,2.85380868973275,23010510736.67755,2.713685443782462,13937612624.71259,2.609083169760671,9229620253.635124,2.506724512526932,6503603502.307446,2.411985495289485,4804177863.221519,2.329245554115161,3683365096.553545,2.259046693055584,2909563407.839979,2.200020794929012,2354639002.495887,2.150325991008473,1943842614.504014,2.108243799418767,1631530826.218524,2.072341701934326,1388686217.755876
3.862118751600014,46958829502.96658,2.952692086045163,23136678584.09969,2.803317706316094,14018517008.1888,2.696470495436978,9301337451.3978,2.592482136746903,6568315916.145843,2.495425985971874,4860414462.75499,2.409828474919866,3730994547.292741,2.336660717554475,2949559379.415679,2.274839163193467,2388290092.40798,2.222638455592168,1972348388.109552,2.178359844589136,1655884901.987835,2.140548678311256,1409677183.127517
4.066999656259492,47531653871.54267,3.0583291649438,23264362532.36143,2.897795313214992,14095263290.07238,2.787846059247506,9368035386.648016,2.681891390572387,6628980621.459464,2.582460256741959,4913929397.918261,2.494011689397939,3776936603.677669,2.417851026261316,2988533570.340397,2.353169105075909,2421321161.493639,2.298372803741247,2000475387.503419,2.251798501518512,1680007872.398324,2.211979106279459,1430529797.821035
4.292001899501188,48111750557.34188,3.171478657772353,23394041032.64128,2.997640686665223,14168200757.9932,2.883592763260233,9429808907.913107,2.775217613768921,6685449999.176542,2.67328185874768,4964469427.533731,2.581965802729089,3820944950.94669,2.502791390542446,3026287100.462722,2.435194355471767,2453581343.631718,2.377721140854081,2028110241.066031,2.328756736795421,1703813499.331538,2.286831739463992,1451177203.649702
4.539337516206666,48690001268.7015,3.292994277969502,23526086920.16405,3.103442930839033,14237675126.71877,2.984149754931793,9486792745.892319,2.87277209393182,6737624628.618321,2.768114137180882,5011806890.502328,2.673876432780683,3862775290.691317,2.591662523041513,3062611362.373589,2.521103218771072,2484907060.463758,2.460880707693603,2055127654.598078,2.409438230845217,1727205438.091758,2.365313716656817,1471544226.858803
4.811392705975196,49254525313.90441,3.423836041246306,23660723940.1545,3.215866016423661,14304013817.1954,3.090019013107494,9539152956.275229,2.974919196869022,6785453383.680027,2.867217904320921,5055746454.056912,2.769950145528702,3902192077.858883,2.684655178456341,3097291822.093192,2.611089394157811,2515123340.106026,2.548053431655149,2081390395.182151,2.494052420337138,1750076683.39239,2.447639532922278,1491546687.327742
5.110713151930867,49790282260.45858,3.565082446510408,23797972937.11098,3.335657878415771,14367508218.85757,3.201772590774115,9587076465.342216,3.082083848629816,6828931042.289333,2.970899883104596,5096130505.174827,2.870421852241229,3938975717.757148,2.781974815378,3130112996.942829,2.705353938708667,2544046143.318068,2.639446077802456,2106749886.932384,2.582813712410101,1772309309.110013,2.534029906960767,1511090808.682074
5.43997735353248,50278718972.48136,3.717943380445149,23937586071.78812,3.463660451810318,14428392292.47684,3.320060595275759,9630758636.740799,3.194759381403945,6868093339.733554,3.079521751949218,5132842601.322645,2.975563592971872,3972929650.707379,2.883848034242271,3160864454.94845,2.804108763649571,2571485836.585978,2.735271400800577,2131047638.443252,2.675941183308753,1793774690.802069,2.624710748686629,1530072859.794801
5.801954599914869,50697512241.08238,3.883773508626743,24078967471.99447,3.600820636763312,14486816794.01287,3.445619974113902,9670388709.494225,3.313515784652336,6903009482.68756,3.193509625932333,5165808504.361318,3.085694524796885,4003886643.094269,2.990530887130229,3189347485.493836,2.907582030958708,2597251831.931592,2.835750763306027,2154117695.800542,2.773659185110129,1814334426.914081,2.719912548751978,1548379202.156482
6.19944386875296,51020474078.91271,4.064085780213348,24221078934.76839,3.74820213667589,14542818345.63718,3.579284151521846,9706132883.745882,3.439008424167318,6933772194.278103,3.313363839209337,5194994474.029815,3.201191849588907,4031713572.734355,3.102318999714714,3215381897.803198,3.016025722221807,2621158239.240652,2.941118700882943,2175790234.656789,2.876199379927225,1833842169.580276,2.819870642463827,1565886950.270556
6.635189824367122,51217701937.11794,4.260564492417203,24362329765.24729,3.906998044532481,14596282565.12634,3.721993525338686,9738114761.361258,3.571987300060701,6960485377.964217,3.439668941140563,5220402667.888953,3.322502372291794,4056314056.939545,3.219559278755266,3238812253.257542,3.129725487368746,2643030167.957159,3.051629852017739,2195896262.825838,2.983804770349337,1852146521.345778,2.924826921290819,1582465457.369892
7.111772371797592,51256067234.55007,4.475077124992515,24500450674.35118,4.078543958672289,14646900513.20227,3.874806782092472,9766392794.504988,3.713306905613481,6983249473.255267,3.573103872136607,5242063654.114829,3.450154385303212,4077628416.53235,3.342662833009591,3259512769.092543,3.249012664493709,2662710107.974292,3.167568518055796,2214273208.968738,3.096736262744894,1869095037.391743,3.035033640520005,1597978797.915836
7.631467107968075,51100137709.66631,4.709683853295417,24632353003.24519,4.264331281690534,14694117863.39593,4.038912916388447,9790934370.371803,3.863936718947909,7002144539.388195,3.714452331090108,5260026168.620492,3.584769624331711,4095630672.145431,3.472118643276716,3277390169.856374,3.374278129828514,2680063662.445084,3.289260876340939,2230770951.047868,3.21528215773006,1884539194.229107,3.15075995831149,1612289316.397574
8.196075731113011,50713615856.7059,4.966643271513244,24753976560.48536,4.466020186865631,14737076485.00935,4.21564374325129,9811586181.544603,4.024972305416019,7017211058.817899,3.864613371589989,5274344325.783987,3.72707512088345,4110322491.90886,3.608507499190039,3292383909.80235,3.505987438121333,2694983843.961101,3.417089572906199,2245257636.665999,3.339770702064869,1898339965.742539,3.272301700166147,1625262145.271697
8.806728247727236,50061340155.03719,5.248412399062581,24860132220.39648,4.685451515957828,14774548613.59164,4.406486562295377,9828040620.799416,4.19764692704439,7028428418.8108,4.024612258581351,5285062522.426311,3.877914863301964,4121724212.377367,3.752515777710722,3304463417.911316,3.644696595430708,2707393207.7875,3.551510127000114,2257624520.802607,3.470585485200352,1910373428.405615,3.399994556675708,1636770379.753634
9.463662792557106,49111832222.2198,5.55763850342939,24944349292.05076,4.924656590657009,14804864534.20058,4.613096462608493,9839798124.177181,4.383343442177199,7035691026.996857,4.195611573527986,5292198269.268236,4.038261246743885,4129863207.303082,3.904948751345119,3313622281.486567,3.791067797318415,2717243278.737854,3.693068358271728,2267789040.120362,3.608183086025506,1920535656.72294,3.534230515035367,1646700373.718494
10.16599400701234,47840279791.05029,5.897139664701067,24998742610.41489,5.18586356844383,14825835799.11631,4.837307538246707,9846125700.877283,4.583606128320193,7038782067.863831,4.378922469868008,5295723163.398408,4.209226320552267,4134759968.578771,4.066743247516582,3319869532.810542,3.945884563589265,2724510996.499835,3.8424179562587,2275695474.482035,3.753112060083089,1928746122.343684,3.675476868569375,1654956447.549167
10.9114868569785,46231728653.47464,6.269870363564992,25013920256.60693,5.471498546083027,14834677523.55705,5.081142007215601,9846012373.225515,4.800151867564121,7037345036.381927,4.576015848516986,5295542205.023897,4.392072813723633,4136412295.934387,4.238979593232546,3323218395.060359,4.110065872102032,2729192200.603697,4.000337373328212,2281312795.102248,3.906032189599207,1934948906.597935,3.82429675217695,1661464234.995031
11.69635877033582,44284133641.13361,6.678867758602469,24978959447.08807,5.784179110312508,14827935315.99119,5.346815883658138,9838122948.756962,5.034879889358669,7030853418.891062,4.788533042476246,5291471689.720972,4.588224827360344,4134777987.721037,4.422892835093342,3323672958.800641,4.284679083220237,2731292440.792343,4.167745412010505,2284629610.763712,4.067732945052507,1939111267.130335,3.98136992560971,1666171979.206782
12.51513791025961,42010818643.26089,7.127173835574647,24881484690.99266,6.12669746614669,14801424928.38016,5.636739438496535,9820752501.913107,5.28987896216671,7018579258.30185,5.018295366693447,5283216001.180876,4.799277924657586,4129756414.737976,4.619883199647389,3321213303.660828,4.470951593312634,2730815587.846714,4.345715131174526,2285646429.485321,4.239150314056202,1941219414.803642,4.147512538305346,1669049313.677623
13.36060794276522,39441856266.87281,7.617728421375104,24707887474.80072,6.501989666420334,14750195698.22675,5.953510198764044,9791785185.750738,5.5674305573258,6999561868.276153,5.267311599824788,5270343815.119382,5.027008124696987,4121169376.080447,4.831525642720107,3315779576.103629,4.670281212512521,2727750818.694005,4.535485929854742,2284365692.743828,4.42138146836646,1941271683.296195,4.323694850792682,1670083382.488412
14.22386864113894,36623934860.58411,8.15322838359779,24443728471.07909,6.913086875287751,14668532100.91078,6.299895691500799,9748662526.379009,5.870006072646961,6972578671.937491,5.537782114045664,5252264525.797794,5.273379017476251,4108741712.132422,5.059578129313206,3307255519.719897,4.884245202156517,2722058571.560792,4.738473808024473,2280780180.778924,4.615697056938371,1939269540.355209,4.511056272507607,1669272488.526421
15.09453651336679,33618452831.55811,8.735949474295957,24074358866.34534,7.363044112595996,14550010829.12264,6.678802562055008,9688368122.480705,6.20025570446607,6936121043.852595,5.832097954939246,5228206140.614648,5.540545865209217,4092082311.749203,5.30598799494503,3295451967.638102,5.11460772599833,2713656046.341496,4.956279802914309,2274860433.260805,4.823551129857093,1935207053.651365,4.710917472338736,1666617732.119563
15.96110050956462,30497853598.49375,9.367529563205531,23585783712.71402,7.854841680638178,14387633074.45014,7.0932281408514,9607437538.996737,6.560986011740083,6888379111.737639,6.152832698015327,5197196464.242656,5.830855140197069,4070666417.699146,5.572895373764957,3280090880.879806,5.36332517689532,2702402804.957469,5.190696443462213,2266541810.492415,5.046588746271169,1929059481.20335,4.924789597108734,1662113268.563354
16.81143530564627,27340536596.77182,10.04871578246219,22965764316.93595,8.391254659051718,14174052079.38383,7.546190082343033,9502003879.148403,6.95512265965913,6827240663.089785,6.502724383109648,5158050103.809044,6.146837476282591,4043820516.070021,5.862632247074233,3260790675.984497,5.632548454880707,2688087046.241375,5.443711766786574,2255711781.425906,5.286651176458967,1920771635.390553,5.154380708733671,1655735865.641072
17.63345873058803,24224969571.62058,10.77908362437528,22205117104.06966,8.974686711972391,13901913215.19287,8.04062948242427,9367890606.405201,7.385654324925683,6750310468.672267,6.884644279468743,5109364634.609861,6.491191489531858,4010711587.169252,6.177715177170181,3237053842.230584,5.924620812081191,2670413219.502003,5.717510026363539,2242198010.861033,5.545778290151,1910246617.664187,5.401599397037605,1647434411.963053
18.41589962787137,21223802186.02453,11.55674332315336,21299114730.52254,9.606966271130474,13564316311.01183,8.579283072452657,9200763043.044344,7.855553387253931,6654957251.174207,7.301548711848405,5049530092.626814,6.86675537727116,3970343072.331547,6.520829258871606,3208258201.192668,6.242069362512066,2648991816.028836,6.014467722469601,2225757863.269031,5.826207268613838,1897335486.090213,5.668555166917429,1637119963.283602
19.14911669060069,18398787920.02602,12.37805753700485,20248837908.19577,10.28910623513982,13155396372.96023,9.1645209147184,8996347803.471907,8.367668961605881,6538395849.738178,7.756409761216652,4976756666.000261,7.276462675524541,3921560517.392251,6.894800267719122,3173653588.831035,6.587587799404837,2623332438.015543,6.337143029806216,2206070062.711504,6.13036623072903,1881828435.958889,5.957554688444248,1624656866.303978
19.8258791608827,15797158307.90315,13.23740348008993,19062275753.2631,11.02103289958369,12670998604.35143,9.798147748359124,8750724372.288912,8.924588230109975,6397811399.127284,8.252120461138388,4889125826.969867,7.723278113671662,3863070391.406034,7.302551450146176,3132366198.007623,6.964007295667781,2592841571.303127,6.688256112052184,2182729447.458712,6.460860763474959,1863448163.095463,6.271092394906113,1609855503.539139
20.4419943193305,13449808525.86512,14.12702060821059,17754945856.59703,11.80129599395476,12109397722.98937,10.48116902517948,8460684404.3721,9.528463141607753,6230530016.527236,8.791370305497329,4784669881.308956,8.210109258229146,3793475896.762602,7.747040953359845,3083413229.939023,7.374252026136324,2556826841.905864,7.070657230088612,2155246015.742627,6.820450730655354,1841846239.062339,6.611833268318712,1592467274.527292
20.99665833392584,11371323520.20736,15.03698949891032,16349821332.864,12.62677926485782,11471983263.62262,11.21352695054126,8124141902.819358,10.18080161608133,6034236049.659919,9.376487671873655,4661483651.156361,8.739689733842676,3711333473.226315,8.231175632230567,3025730748.732208,7.821275310082597,2514509849.521852,7.487279015495086,2123049736.922077,7.212014138665226,1816603536.974776,6.982585008722688,1572182563.501204
21.49243106384234,9561579009.427525,15.95538614897875,14876423903.5176,13.49243942284698,10763807928.97395,11.99381759098708,7740561966.702778,10.88222566477742,5807229066.90243,10.00924738764836,4517869374.799582,9.314430441315181,3615232892.268577,8.757697039258415,2958217551.375777,8.30797212954686,2465049844.893682,7.941068863735151,2085502838.134567,7.638494315967113,1787235966.708277,7.386256187673285,1548632618.12818
21.9347973788489,8008452142.201068,16.8686462855175,13369068840.87263,14.39110938070811,9993883525.43125,12.81900717464561,7311359422.753588,11.63220348506755,5548704601.340809,10.69064436803864,4352511622.77345,9.936236587799099,3503902061.866134,9.329035986683353,2879797256.023545,8.837063874568091,2407580418.3256,8.434897206412595,2041921381.626261,8.102826290098706,1753206948.686565,7.825796496255077,1521396436.476658
22.33136554818262,6691101216.036269,17.76215522001925,11864408905.11769,15.31340796886861,9175117544.253382,13.68417359278208,6840205065.637849,12.42876862317416,5259032084.954205,11.42063823795174,4164673069.456355,10.60629074379362,3376334692.703102,9.947133387833327,2789499461.427511,9.410951783640407,2341260832.370223,8.971437593942261,1991607806.941838,8.607838133839472,1713948093.90564,8.304114898814706,1490013870.110745
22.69083902974889,5583316732.062366,18.62105074862488,10398581214.33758,16.24780075043202,8323819326.222551,14.58230688266857,6333171364.722754,13.26824646948977,4939993287.63492,12.19787919698424,3954394755.354157,11.32480575572287,3231934758.164252,10.61322737316031,2686558568.021418,10.03153690447611,2265342495.301216,9.553015245009732,1933895590.262393,9.156123353059019,1668889361.574583,8.823971517256147,1454006122.121856
23.02194939239185,4656570713.401927,19.43119219648442,9004366200.574495,17.18085308149546,7458767793.909364,15.50420875952093,5798656403.852461,14.1450160577372,4594937725.750985,13.01943197507308,3722677095.351081,12.09075628643328,3070666466.468842,11.3276101445743,2570525629.85954,10.70000672671836,2179249204.306031,10.1814222149562,1868206137.302778,9.749881294794529,1617499420.487331,9.387839560302092,1412904557.308437
23.33253582564773,3882543047.712357,20.18021255986677,7708783799.079506,18.09770532401105,6599913487.782222,16.43853432798229,5247047808.042309,15.05134236488695,4228811264.308991,13.88052212809384,3471612092.951448,12.9016039634056,2893192955.458628,12.08936280122272,2441384613.882129,11.41659213663127,2082667166.081561,10.85769982641711,1794116384.34734,10.39072428394972,1559335941.62713,9.997734777320975,1366288151.292034
23.6289042381692,3235029909.185194,20.85853909609607,6531467588.695868,18.98277993888387,5766867622.894266,17.37201701581181,4690126885.287475,15.97731963295546,3848023415.974518,14.77433633402409,3204435271.10797,13.75303824778656,2700982331.707869,12.89608239328189,2299660205.955635,12.18030312574279,1975637598.654546,11.58189268015996,1711433342.341458,11.07945296695963,1494104040.341197,10.65501197557869,1313828908.676113
23.91551938221063,2691211842.264102,21.46024791370083,5483995083.134184,19.82070100552372,4977387148.202379,18.28990868937352,4140261216.480924,16.91096792689095,3460138792.166894,15.69191456705006,2925469952.607465,14.63876250794133,2496357627.28271,13.74362243170384,2146500739.526682,12.98865769231583,1858641376.920875,12.35278350906313,1620269160.327451,11.81580531602205,1421719108.998039,11.36013129486505,1255343155.020144
24.19500618491775,2232288290.21197,21.98361747955688,4570160007.214532,20.59737010847333,4246077927.495751,19.17664939395616,3609480461.768361,17.83852134727872,3073406913.182889,16.62217549667504,2639948054.619351,15.55036131384757,2282469424.545399,14.62587535952758,1983718168.155087,13.83742529048909,1732662458.406597,13.16762425886008,1521107617.262455,12.59818997381187,1342368035.22005,12.1124013142552,1190844832.973974
24.46838348381647,1843511935.607956,22.43127048313717,3787005164.948878,21.30110237230921,3583500553.887817,20.01675457854429,3108561903.852312,18.74493529529082,2696176717.584957,17.55211541337373,2353710008.875213,16.47728923163271,2063177459.619011,15.53463205800358,1813768555.058359,14.72041336022555,1599215707.050693,14.02188571504294,1414850931.480179,13.42342094062035,1256560686.403594,12.90971165719125,1120595037.245865
24.73543242645848,1513715960.513623,22.80984541250093,3126333233.478147,21.9236895601246,2995783485.650868,20.79587274135815,2646258195.721807,19.61462063198337,2336269520.323575,18.46721363899607,2072808851.805542,17.40702170956063,1842840389.399808,16.45955795090738,1639662225.583291,15.629331899674,1460326237.054586,14.90905505284969,1302835230.16318,14.28647758701818,1165162151.846462,13.74827432121259,1045140406.247058
24.99510811734678,1234512261.10469,23.12921385219774,2576391643.375313,22.46123358796325,2484748497.515707,21.5019260676723,2228775860.625229,20.43238402602972,2000398419.772414,19.35206219805659,1803064799.896582,18.32540325025503,1626029280.283665,17.38832606038931,1464802518.684755,16.55377536945038,1318452204.486341,15.82051681621241,1186804743.191855,15.18032084141592,1069396266.190999,14.62239994592656,965332194.4174193
25.24592557913078,999396185.2263875,23.40134316592817,2123474468.008209,22.91459540894279,2048461728.008574,22.12620687761359,1859564598.294344,21.18451728007167,1693717644.756064,20.19121354432506,1549630652.827247,19.21721534957112,1417196707.650193,18.30694273894417,1292764649.930848,17.48136185254698,1176351001.089471,16.74555666257535,1068839234.357775,16.09580203362935,970812998.932129,15.52434176536142,882318459.4473439
25.48627850411821,802974385.1845912,23.63897541349487,1753270745.424243,23.28934097183614,1682062859.379818,22.66427337375332,1539417631.162434,21.85993744800894,1419561881.009559,20.97020749229011,1316630226.318418,20.06696547903202,1220345167.820514,19.20029014533902,1127038891.761097,18.39806465256587,1036898907.477345,17.67152715898973,951236141.5972475,17.02170386260316,871216630.3710103,16.44424486007491,797504239.9380528
25.71467376055499,640440430.4596153,23.85432953303727,1451883735.377601,23.59514011642901,1378705841.77374,23.11648198519959,1266828572.51518,22.45124108752814,1179399074.439085,21.67669925106093,1106920023.921549,20.85986840141619,1038741846.622399,20.05288960897719,970771654.3205138,19.28875982060665,902884255.304255,18.58420933489991,836357265.3604237,17.94495171350369,772557867.0766302,17.37024007106323,712478908.6421632
25.92988245849276,507310574.4322011,24.05802138276496,1206524734.659876,23.84467490462158,1130463792.084261,23.48802262524424,1038514163.833315,22.95551094535996,972980568.720342,22.30156967749199,922001107.7394451,21.58295364465964,874719831.7299367,20.84986136515722,826541015.0280421,20.13799323195831,776801293.4385524,19.46839106762579,726457719.5494021,18.85102647115299,676800060.7055093,18.2887189789068,628915521.0108006
26.13101902513873,399354125.0634183,24.258338188151,1005934172.846823,24.05221608200444,929095023.1680505,23.78839262562674,850001036.5536048,23.37471512209935,798640184.3706938,22.83986558365681,762079828.8824328,22.22619199397487,729589875.1502911,21.57801971297537,696198271.2456905,20.93094229451453,660673854.111298,20.30866254137518,623520009.5350817,19.7245956192492,585775779.3110192,19.18481713605253,548452788.9981771
26.31756441434714,312628760.0039968,24.46091968033384,840598038.8713334,24.2320982373733,766619969.3470395,24.0303467238101,696186512.0924859,23.71557870999809,653676269.9233319,23.29140481037989,626250344.4132234,22.78349715736036,603665969.8028708,22.227001907987,580795020.3394104,21.65451107369266,555933481.9572778,21.09039958231546,529116718.5748758,20.55035674176765,501053320.0834072,20.04311592690295,472574769.4039175
26.48935011032506,243546688.697804,24.66881476300093,702814816.9742233,24.39734032924637,635705841.6652797,24.2284701700432,571810513.6350417,23.98888852472526,534749852.7863531,23.66090118079507,512754960.8449624,23.25343811864418,496387914.2456137,22.79029119977363,480599209.3875207,22.29845695123437,463366730.5447884,21.80086871220719,444320742.2623349,21.31405636732245,423832065.9939845,20.84854816444196,402505030.3954364
26.64651771404059,188927797.4730336,24.88282260672448,586641315.0032778,24.55861234403308,529888296.918354,24.3976058911118,471807982.8335819,24.2083001437646,438244742.0597655,23.95752639042949,419273239.0244926,23.63950695742432,406509743.2875804,23.26597070859631,395187854.2030814,22.85640900952629,383133415.4876251,22.43034698300817,369673254.9965231,22.00360890283896,354880705.8105965,21.58745898102272,339130163.3367006
26.78946595266176,146022847.7707733,25.10200095267671,487725020.4549789,24.72365778504542,443673892.5692111,24.55139489173828,391540214.3794801,24.38882458172841,360555741.0939131,24.19392463697931,343196583.2974278,23.94983670655976,332317188.514738,23.65704927481156,323592671.9188382,23.32661456195415,314845190.6962252,22.97311266126897,305208907.9752237,22.61019960003522,294524389.0132459,22.24873390950341,282962292.8659641
26.9187938059578,112506707.3174314,25.32422932919352,403032244.3107623,24.8971773097283,372564708.9301974,24.70115081145996,326923885.2631494,24.54524416723532,298292557.3691416,24.38480970253032,281858039.574679,24.19635397253403,271840118.8561968,23.97124471940037,264469996.0499002,23.71225478513005,257684980.8418403,23.42814159954945,250527976.6625427,23.12922069829249,242677973.7890523,22.82486584839533,234143005.2984694
27.03524559615441,86449174.56083739,25.54673994959295,330505276.8217778,25.08109300226046,313032046.9321363,24.85519909713487,274486201.2488991,24.69071683575683,248404628.0472779,24.54536889217234,232702567.1045225,24.39346471880278,223034798.3743982,24.22019597782019,216268125.3216079,24.02121517303707,210544274.3594292,23.79935308509684,204898668.0293502,23.56087402787246,198914973.1187062,23.31280196404627,192483782.6617511
27.13966156238141,66272515.10718254,25.7665617040714,268708472.1129161,25.27506466811109,262447957.5510588,25.01870116599428,231373940.7437133,24.83577105563037,208243257.4820567,24.68974004496352,193397094.0250125,24.55647660128645,183922342.9720068,24.41818866706402,177371934.3815555,24.26528343074732,172157010.8437716,24.09529945763761,167370714.0678865,23.91029100926689,162557348.2907933,23.71440459102937,157532452.3684779
27.23293568683252,50703472.89347322,25.98085318458222,216528541.0396561,25.47712149076647,218972044.8636372,25.19388927005792,195335571.5905548,24.98779134349331,175581520.4852813,24.82980040458889,161889700.0912212,24.70002130700064,152680767.7678972,24.58058772260564,146213501.5813251,24.45886152936873,141214312.4354768,24.32828600573414,136883443.9256779,24.18708192005591,132770570.0811693,24.03639100197046,128652504.6715879
27.31598130995848,38725265.23731105,26.18712385851878,172971245.7240106,25.68429406873283,181394012.6866292,25.3805813766635,164683359.1794694,25.15098295193338,148610004.9775075,24.97441965254715,136432326.2768126,24.83673232858228,127696349.4094203,24.72223858025263,121346176.9109157,24.61738829545099,116451490.2305775,24.51302411302026,112356401.7697725,24.40432704627585,108650854.2863826,24.28969216080973,105102564.5137524
27.38970427605346,29532933.46957522,26.38335699570758,137059939.5062904,25.89316812543515,148947672.4804686,25.57683200234269,138232647.049837,25.32671754368343,125919393.4556416,25.12921578767886,115581629.8531903,24.97636010883842,107584738.6842302,24.85609891824452,101486199.0882513,24.75573637845414,96705632.31625505,24.66502760823187,92756512.56454676,24.57714088253486,89295919.41582106,24.48828104095136,86106127.99135911
27.45498288756446,22493768.92606386,26.5680548363106,107812271.3840291,26.10031878152943,121127254.1970452,25.77959483246886,115214147.6324105,25.51411764748667,106472147.6272431,25.29674953198036,98188830.45031616,25.12539513987737,91193306.35354373,24.99229543417936,85529888.82716356,24.88684661717809,80947323.29528317,24.7990220242215,77141257.25960226,24.72104030874534,73855562.31915744,24.64763878393512,70905714.08539577
27.51265372282911,17113407.76714673,26.74022785523449,84260661.04655239,26.3026149657904,97538791.49947062,25.98531019492786,95163355.14668177,25.71073606282699,89559422.56262916,25.47702745460132,83383201.74767719,25.28715904717278,77594083.25124308,25.13769010758703,72555527.78686441,25.02079345476576,68293073.67281826,24.92762547774463,64681328.32201494,24.85039216310873,61562634.60791271,24.7831128844309,58799665.76619873
27.56350230961005,13007496.69967195,26.89934797929991,65486954.34283515,26.49740419667119,77805740.55855154,26.19037042710797,77803026.4466771,25.91321416378733,74739596.49630989,25.6681639740704,70547822.40186024,25.46224558079521,66072306.62738857,25.29592678235872,61817625.49007655,25.16436353093736,58005825.88457336,25.06048194117314,54668415.76351822,24.97718691385364,51747958.9652065,24.90844302667008,49163113.72642246
27.60825768512509,9878455.411682509,27.04528198406511,50653054.94313446,26.68259903439423,61528248.45694276,26.39144948092618,62940499.57608408,26.11784354849011,61761662.89995778,25.86706931096756,59283486.03438576,25.64916119178188,56110624.9068923,25.46784535806888,52738029.05324567,25.32111537988307,49489734.7758909,25.20391243545368,46514159.79580587,25.11029410584197,43844146.11078507,25.03467814194031,41456675.03446586
27.64758996796501,7496694.019690603,27.17821723626579,39020015.40124474,26.85669017900287,48281168.73571694,26.58570592462443,50396517.82072638,26.32099506517336,50485290.3667915,26.07006789472157,49359259.53283307,25.84502358255311,47365760.78456753,25.6521132490106,44894365.83393131,25.49180501319876,42282795.9117167,25.36103733668133,39745154.06926217,25.25523623322848,37383253.72121274,25.1696028681879,35227233.25711173
27.68211018775812,5685604.273708281,27.29858816733858,29955005.37058818,27.01871006742613,37631872.94834847,26.77088100909601,39969954.07623324,26.51941013356416,40812841.88460279,26.27339375463213,40654608.49309171,26.04621078505416,39634954.50297937,25.84592879788529,38003349.2707603,25.67502554194226,36047680.50421972,25.53224551161045,33996616.86063336,25.41441083815161,31992008.50032764,25.31767169270133,30104768.26601952
27.71237174482532,4309675.611256527,27.40700870888821,22928804.31204138,27.16816714805263,29162667.79816002,26.94531790498063,31431461.03965287,26.7103690749033,32644252.61419536,26.47354533913581,33103532.64118379,26.24889597399511,32813798.28736415,26.04568398542147,31896287.84579855,25.86791512732436,30558687.69212633,25.71585598332977,29004698.4942218,25.58762399831599,27386277.0956415,25.48035278220414,25797904.69400176
27.73887299240777,3265154.983217848,27.50421349527822,17507240.18345037,27.30496641147947,22489143.0292803,27.10792734972515,24533912.86706255,26.89176095752671,25856740.24853132,26.66750731882295,26651420.89956334,26.4494418826306,26852196.3740122,26.24751666552641,26487136.01690409,26.0668210425439,25682483.22719362,25.90882915866556,24595496.84856362,25.77277953618449,23364290.28359979,25.65673258309009,22089003.91843089
27.76206054195908,2472750.388750292,27.59100890397575,13339557.6486749,27.42932724683768,17271374.32331209,27.25812120879806,19028482.59870816,27.06208188618989,20303672.50320294,26.852861053524,21230201.82339808,26.64465709356563,21717212.27607781,26.44772241430536,21737691.28416008,26.26785095047062,21352672.4592918,26.10742089231347,20668862.81391114,25.96658758285183,19796788.32923693,25.84422775877176,18827884.74022427
27.78233298474096,1871959.462231415,27.66823385479558,10145871.51395546,27.54170580649632,13218290.80398683,27.395730636903,14679202.5585356,27.22038652441656,15823888.56946764,27.02781075533128,16750607.04981382,26.83193346838905,17368962.37670712,26.64302594328003,17626875.29815934,26.46728243935655,17541773.37189258,26.30771647334654,17177220.99036522,26.16519597601592,16612649.29943994,26.0392793769801,15922494.12304985
27.80004480017987,1416679.563704787,27.73672959697743,7705059.681464877,27.64272599801553,10086937.75652456,27.52092074713068,11272930.82044428,27.36621324945181,12253904.21268594,27.19115187443799,13105940.34332822,27.00929137564842,13750534.37228635,26.83073029076478,14129663.41705513,26.66183157662388,14236205.73811631,26.50602058772154,14102554.7478566,26.3646917485079,13780637.62013118,26.23794726112875,13325661.41780251
27.81551028406323,1071821.687792139,27.79731735521921,5843827.599799476,27.7331209801224,7678572.919383986,27.63410955348061,8624396.435972707,27.49949830201952,9438394.770476844,27.34220450502301,10180935.56046243,27.17536008337304,10788552.14885403,27.00877030701945,11207290.46149817,26.84879926885069,11418945.05158424,26.69910746335717,11436242.00651921,26.56145678504456,11290302.68369115,26.43636497614328,11019088.30942218
27.82900737930655,810706.3555174714,27.85078257731772,4427251.313888364,27.81368551467046,5833192.289432154,27.73589567476047,6577314.349886591,27.6204895630794,7237155.3169632,27.48072960682187,7860931.541473271,27.32931750523992,8399364.767620238,27.17569818897117,8806578.692876434,27.02612228206424,9061334.823633939,26.8843518891411,9165433.290435202,26.75238704833635,9135980.222557146,26.63104929993274,8997558.799045632
27.84078133059376,613065.9037483856,27.89786454393755,3350844.301941154,27.88523857477676,4423597.417132532,27.82699688329858,5002898.213891282,27.72966663213784,5528535.359750312,27.60684080704922,6038895.514284309,27.47080859894854,6496573.179728851,27.33062588223957,6864471.7873169,27.19235682729587,7122417.119097337,27.05976865599397,7266975.458554525,26.93499868147374,7306641.682221361,26.81907947393707,7256622.455951472
27.85104811356918,463515.225199185,27.93925020369167,2534048.497498655,27.94859508456455,3349682.557185407,27.90819994260777,3796943.508225355,27.82767083813641,4210151.31709616,27.72092015325535,4619638.626290143,27.59985654430323,4997348.573384143,27.47314432066402,5314153.620740363,27.34661954854882,5552617.884640994,27.22398822385678,5707358.233364471,27.10744923797139,5781975.559285121,26.99817215139623,5785563.742599915
27.85999761116856,350383.2371507238,27.97557124105021,1914981.943292481,28.00454543964345,2533297.426702703,27.98032115168151,2876335.637628152,27.91524663962231,3197839.861112341,27.82354269553068,3521572.004535737,27.71677618188743,3826601.295993972,27.60323423518657,4090450.486094846,27.48850582717174,4298804.861625739,27.37619291993965,4446025.226696762,27.2685013572104,4533130.868033739,27.16668061117376,4565427.555428792
27.86779652565349,264821.3784930281,28.0074035421761,1446254.260431877,28.05384142609061,1913827.903535097,28.04417644441956,2175527.131157181,27.99319443132159,2423667.866959143,27.91541220593493,2676710.254317096,27.82209542414721,2919065.076703765,27.72117850189172,3133561.794138855,27.61800004377873,3308795.888336852,27.51603288588522,3439633.514041027,27.41745211154814,3525847.156545971,27.32354453232792,3570473.848535535
27.87459102626171,200124.3685347258,28.03526837711792,1091665.968563617,28.09718724122525,1444509.119825855,28.10055964343995,1643286.847892995,28.06233390695767,1833578.804060242,27.99730858531239,2029620.400311749,27.91648752727251,2219795.627413732,27.82748210537549,2391064.013268161,27.73538766955622,2534504.034876108,27.64353572146809,2645752.764656121,27.55404598572092,2724060.820095437,27.4682119357005,2771136.197611219
27.88050914017002,151213.2853809578,28.0596347562152,823625.5251834985,28.13523446642721,1089416.904366114,28.1502274274645,1239859.656762252,28.12347667758496,1385037.279998752,28.07004640294928,1535857.88413541,28.00071514687098,1683653.538461986,27.92280285759253,1818553.178838729,27.84117517358395,1933657.046497018,27.75901909450798,2025398.600984406,27.6783842489688,2092877.805566546,27.60054952613071,2137035.278858521
27.88566289955032,114242.5652040783,28.08092253961829,621140.857962445,28.16858001343374,821052.8821671755,28.1938896570501,934573.6740789241,28.17740667854137,1044868.784528931,28.13444339803726,1160252.315437027,28.0755858378998,1274244.588727571,28.00789395525448,1379387.686625391,27.93602081243911,1470384.711456371,27.86301182707991,1544388.550428146,27.79083899346347,1600525.035459959,27.72075263797467,1639296.526755687
