waveVsWave(?x (OP("/M0" "gm") / OP("/M0" "ids")) ?y (OP("/M0" "gm") * OP("/M0" "rout"))) (Ln=1.3e-07) X,waveVsWave(?x (OP("/M0" "gm") / OP("/M0" "ids")) ?y (OP("/M0" "gm") * OP("/M0" "rout"))) (Ln=1.3e-07) Y,waveVsWave(?x (OP("/M0" "gm") / OP("/M0" "ids")) ?y (OP("/M0" "gm") * OP("/M0" "rout"))) (Ln=2.3e-07) X,waveVsWave(?x (OP("/M0" "gm") / OP("/M0" "ids")) ?y (OP("/M0" "gm") * OP("/M0" "rout"))) (Ln=2.3e-07) Y,waveVsWave(?x (OP("/M0" "gm") / OP("/M0" "ids")) ?y (OP("/M0" "gm") * OP("/M0" "rout"))) (Ln=3.3e-07) X,waveVsWave(?x (OP("/M0" "gm") / OP("/M0" "ids")) ?y (OP("/M0" "gm") * OP("/M0" "rout"))) (Ln=3.3e-07) Y,waveVsWave(?x (OP("/M0" "gm") / OP("/M0" "ids")) ?y (OP("/M0" "gm") * OP("/M0" "rout"))) (Ln=4.3e-07) X,waveVsWave(?x (OP("/M0" "gm") / OP("/M0" "ids")) ?y (OP("/M0" "gm") * OP("/M0" "rout"))) (Ln=4.3e-07) Y,waveVsWave(?x (OP("/M0" "gm") / OP("/M0" "ids")) ?y (OP("/M0" "gm") * OP("/M0" "rout"))) (Ln=5.3e-07) X,waveVsWave(?x (OP("/M0" "gm") / OP("/M0" "ids")) ?y (OP("/M0" "gm") * OP("/M0" "rout"))) (Ln=5.3e-07) Y,waveVsWave(?x (OP("/M0" "gm") / OP("/M0" "ids")) ?y (OP("/M0" "gm") * OP("/M0" "rout"))) (Ln=6.3e-07) X,waveVsWave(?x (OP("/M0" "gm") / OP("/M0" "ids")) ?y (OP("/M0" "gm") * OP("/M0" "rout"))) (Ln=6.3e-07) Y,waveVsWave(?x (OP("/M0" "gm") / OP("/M0" "ids")) ?y (OP("/M0" "gm") * OP("/M0" "rout"))) (Ln=7.3e-07) X,waveVsWave(?x (OP("/M0" "gm") / OP("/M0" "ids")) ?y (OP("/M0" "gm") * OP("/M0" "rout"))) (Ln=7.3e-07) Y,waveVsWave(?x (OP("/M0" "gm") / OP("/M0" "ids")) ?y (OP("/M0" "gm") * OP("/M0" "rout"))) (Ln=8.3e-07) X,waveVsWave(?x (OP("/M0" "gm") / OP("/M0" "ids")) ?y (OP("/M0" "gm") * OP("/M0" "rout"))) (Ln=8.3e-07) Y,waveVsWave(?x (OP("/M0" "gm") / OP("/M0" "ids")) ?y (OP("/M0" "gm") * OP("/M0" "rout"))) (Ln=9.3e-07) X,waveVsWave(?x (OP("/M0" "gm") / OP("/M0" "ids")) ?y (OP("/M0" "gm") * OP("/M0" "rout"))) (Ln=9.3e-07) Y,waveVsWave(?x (OP("/M0" "gm") / OP("/M0" "ids")) ?y (OP("/M0" "gm") * OP("/M0" "rout"))) (Ln=1.03e-06) X,waveVsWave(?x (OP("/M0" "gm") / OP("/M0" "ids")) ?y (OP("/M0" "gm") * OP("/M0" "rout"))) (Ln=1.03e-06) Y,waveVsWave(?x (OP("/M0" "gm") / OP("/M0" "ids")) ?y (OP("/M0" "gm") * OP("/M0" "rout"))) (Ln=1.13e-06) X,waveVsWave(?x (OP("/M0" "gm") / OP("/M0" "ids")) ?y (OP("/M0" "gm") * OP("/M0" "rout"))) (Ln=1.13e-06) Y,waveVsWave(?x (OP("/M0" "gm") / OP("/M0" "ids")) ?y (OP("/M0" "gm") * OP("/M0" "rout"))) (Ln=1.23e-06) X,waveVsWave(?x (OP("/M0" "gm") / OP("/M0" "ids")) ?y (OP("/M0" "gm") * OP("/M0" "rout"))) (Ln=1.23e-06) Y
1.161683260742146,1.785701061238704,0.891622633580648,0.7243886012237785,0.779795234868833,0.5068803184852609,0.7407013298420375,0.4500937646152575,0.7182762592581983,0.4220995622438239,0.7012650162004042,0.4031584947546191,0.6871788372662644,0.3886849945064724,0.6752194839363882,0.377061426023915,0.6649724959524529,0.3674877675235709,0.6561422155123897,0.3594732330266078,0.6484929606377723,0.3526806044771255,0.6418321304929702,0.3468644057688259
1.18445234781345,1.850855468526816,0.9168436012555117,0.7603730544892517,0.8014786197649211,0.5266917791778137,0.7605625223726008,0.4658014370814082,0.7372164525592967,0.436127200283807,0.7195992190579126,0.4162055509602516,0.7050568370441017,0.40105152370539,0.69273330554172,0.3889149059324838,0.6821871115314116,0.3789368066403888,0.673106695032257,0.3705943976133159,0.6652456852427046,0.3635306276122581,0.658403768634847,0.3574867315538706
1.207661348598952,1.917567749346357,0.9426737602679077,0.7986187079547424,0.8238401885061031,0.5476026411010845,0.7810122495650654,0.4822413070557026,0.7566927890682428,0.4507489045556957,0.7384365225306567,0.4297742812635698,0.7234142993844226,0.4138933861539975,0.7107084160541717,0.4012106792178744,0.6998484666928715,0.3908030940044139,0.690505967238893,0.3821130783291533,0.6824232158084438,0.3747621980736678,0.675391749191929,0.368477419164151
1.23133876145387,1.985844700524902,0.9691147192777188,0.839273244891328,0.8469058872097761,0.5697004629655961,0.802074904315786,0.4994648858891483,0.7767266533431124,0.4660023598661777,0.7577962643640546,0.4438956028531857,0.742269123270043,0.4272374542344164,0.7291616385251063,0.4139728860230072,0.717972543600642,0.4031087814563559,0.7083553368854882,0.3940499086160458,0.7000402992699708,0.3863947501531588,0.6928103519714391,0.3798549319828775
1.255515036489354,2.055694037837945,0.996167807698597,0.8824918280156099,0.870702329581058,0.5930811701015604,0.8237761556934722,0.5175285602287851,0.7973405926147218,0.4819285487859962,0.7776988129515539,0.45860297066692,0.7616401386989824,0.441112704299863,0.7481106524012013,0.4272274902998819,0.7365761232837509,0.4158776482771452,0.7266708619766199,0.4064270038935318,0.7181123988087601,0.3984490880528209,0.7106745424448571,0.3916390144004695
1.280222743954718,2.127124716989415,1.023834314882084,0.928437240709228,0.8952567251787811,0.6178498796209729,0.8461430117870283,0.5364941473937984,0.8185583931697322,0.4985721150047118,0.7981656374595711,0.473932643390033,0.7815471696935228,0.4555504280181856,0.7675740507244379,0.441002456900386,0.7556768382629363,0.4291352549767702,0.7454694027650056,0.4192680985344209,0.7366557399220085,0.4109475101949542,0.7290000154171333,0.4038508062664719
1.305496768094684,2.200147293396137,1.052115760630447,0.97728003192616,0.9205967930380654,0.6441217958482706,0.8692038820507133,0.5564295207287753,0.8404051616587743,0.51598177374909,0.8192193834080452,0.4899239829616199,0.8020111024142472,0.4705844694582402,0.7875714019952755,0.4553279496007129,0.7752932294499578,0.4429091148088471,0.7647686746976695,0.432598698298013,0.7556873601759574,0.4239139473124613,0.7478032421611543,0.4165129698380226
1.331374529570895,2.274774325460122,1.08101419322997,1.029198671123837,0.9467506607152573,0.6720231787809697,0.8929886380970976,0.5774093139463199,0.8629074114398454,0.5342107760608038,0.840883954111116,0.5066197924390535,0.8230539588266682,0.4862514915696955,0.8081233171295854,0.4702365529589393,0.7954448077213457,0.4572288854131961,0.7845873056845953,0.44644625027603,0.7752251629911243,0.4373741161217008,0.7671015213436789,0.4296498308356468
1.35789623999015,2.351020826583006,1.110532510498452,1.084379720501448,0.9737467495371679,0.7016923877697128,0.917528671653646,0.5995157145252124,0.8860931539985899,0.5533174347707654,0.863184598393288,0.5240666978475845,0.8446989764025562,0.5025912762904683,0.829251521980145,0.4857635213622387,0.8161521206085141,0.4721265833609629,0.8049448981015904,0.4608403327197816,0.7952879758439489,0.4513556906506375,0.7869130341036616,0.4432875354561356
1.385105192605558,2.428904771802313,1.140674798921721,1.1430180327108,1.001613647748515,0.7332810019213293,0.9428569481399377,0.6228393573602541,0.909991995394793,0.573365721208682,0.8861480050003842,0.5423155805526313,0.8669706943726965,0.5196470632018848,0.8509789359364142,0.5019470591569843,0.8374368245900813,0.4876368248135197,0.8258620959817333,0.4758128674841352,0.8158956133099068,0.4658884936117094,0.8072569036823305,0.4574542254711432
1.413048093859804,2.508447665612361,1.171446685854605,1.205316983017633,1.030379974367199,0.7669550179493241,0.9690080540452829,0.647480331054786,0.9346352375630667,0.5944259430690375,0.9098024041187969,0.5614220677592585,0.8898950470814642,0.5374659324589535,0.8733297571617208,0.5188286363868654,0.8593217635200057,0.5037970960198248,0.847360657896532,0.4913983582545726,0.8370689454180497,0.4810047105797977,0.8281532600471225,0.4721802338664102
1.441775441131886,2.589675178273357,1.202855700000382,1.271488745641835,1.060074237870865,0.8028961253604415,0.996018236001346,0.6735493104891408,0.9600559841395331,0.6165755154423087,0.9341776763975749,0.5814470899942903,0.9134994650249003,0.5560992386746764,0.8963295550744407,0.5364533454093161,0.8818310537766246,0.5206480579817224,0.8694635360792557,0.5076341582303417,0.8588299718364716,0.4967391301713205,0.8496233099989848,0.4874983038590837
1.471341952841448,2.67261785871121,1.234911635954103,1.341754624713201,1.090724695325679,0.8413030580295056,1.023925429167517,0.7011688305620294,0.9862892502886155,0.6398998388373561,0.959305469831125,0.602457515893176,0.9378129841808245,0.5756031035602607,0.9200053707284556,0.5548703045409092,0.9049901767728911,0.5382338903306971,0.8921949623987955,0.5245607715339646,0.8812019024627266,0.5131294139332012,0.8716894133049723,0.5034438345801598
1.501807057970758,2.757311932963276,1.267626919472378,1.416345450977119,1.122359219182226,0.8823930204558458,1.052769272302449,0.7304747172517163,1.013372075758215,0.6644933000928964,0.9852193248004654,0.6245268763331369,0.9628663642592906,0.5960389764498821,0.9443858257971093,0.574133115924309,0.9288260795266364,0.5566026803042172,0.9155805418530552,0.5422221933230464,0.9042092450530783,0.5302164002553467,0.8943751654560227,0.520055157238659
1.533235453097953,2.843800198025664,1.301016971269899,1.495502056114409,1.155005180630733,0.9264031864150482,1.082591106717141,0.7616176933331243,1.041343640090837,0.6904604144272025,1.011954807480987,0.6477361919685829,0.9886922165108885,0.617474273407861,0.9695012409123995,0.5943003860446106,0.9533672840510614,0.5758068637110033,0.939647354316267,0.5606662944158984,0.92787790058982,0.5480444473354691,0.9177054877135622,0.5373738462093902
1.565697736211808,2.932133021894187,1.33510056848336,1.579475837352869,1.188689360027733,0.9735922674443233,1.113433956238712,0.7947651771573471,1.070245378556962,0.7179171295275923,1.039549651696606,0.6721749205828517,1.015325141724279,0.6399831074734954,0.9953837641550375,0.6154363187896462,0.9786440063888099,0.5959037259636638,0.964424065344357,0.579945257234009,0.9522352671569289,0.5666618210727561,0.9417067251786155,0.5554450702262168
1.599271127915361,3.022369461545526,1.369900204422937,1.668529426004913,1.223437896354355,1.024242148774394,1.145342485418146,0.8301032937809094,1.100121096951356,0.7469923155519731,1.068043909124032,0.6979420434265067,1.042801879017073,0.6636471247985803,1.022067510528161,0.6376113926930785,1.00468828617658,0.6169559726722644,0.9899410469161922,0.6001160710436433,0.9773103531709429,0.5861211347738152,0.9664067536935084,0.5743179897406578
1.634040292141514,3.114578511551695,1.405442448786637,1.762937474728083,1.259276288799768,1.078659591105786,1.178362933562566,0.867839118342803,1.131017082903306,0.7778294682125152,1.097480107515556,0.7251473129277837,1.071161465968042,0.6885564640387838,1.049588713273808,0.6609031360761455,1.031534127689079,0.6390323809795484,1.016230509065104,0.6212410958843319,1.003133900895891,0.6064798487533261,0.9918350964692424,0.5940462075498204
1.670098270217624,3.208840496921619,1.441758312087838,1.862987579741285,1.296229464234119,1.137177998190038,1.212543022849445,0.9082031718403047,1.1629822108038,0.8105886557323294,1.127903416301199,0.7539126879015375,1.100445410544131,0.7148108594475312,1.077985887901057,0.6853970162801952,1.059217653368232,0.6622085448337401,1.043326643433057,0.643388706250704,1.02973852125766,0.6278008393427275,1.018023051420974,0.6146882810423732
1.707547544048043,3.305248624566846,1.478883619596249,1.968981356005768,1.334321924406923,1.200159252678835,1.247931839883377,0.9514521892620096,1.196068036862139,0.8454487443879301,1.159361818537693,0.7843739867203253,1.130697875131032,0.74252091177747,1.107300009780853,0.7111874621372587,1.08777727089171,0.6865677298058407,1.07126577985688,0.666634027603348,1.057158841063301,0.6501530485320207,1.045003830289378,0.636308305898887
1.746501246352872,3.403910708422225,1.516859401587548,2.081235685563604,1.37357798607486,1.267995626290969,1.284579691688284,0.9978721793215409,1.230328880200072,0.8826099415256656,1.191906287678324,0.8166827939176838,1.161965872766526,0.7718095554209867,1.137574706115278,0.7383790423551332,1.117253854868388,0.7122018559474069,1.100086557168825,0.6910597811939878,1.0854316638224,0.6736122275218956,1.072812710725928,0.6589765828648807
1.787084538326218,3.504951083621245,1.555732308123372,2.200084161883257,1.4140221258769,1.341111775131069,1.322537939386027,1.047781793746007,1.265821885320901,0.9222966992890037,1.225590967031071,0.8510086614402005,1.194299475384239,0.8028137553334621,1.168856462996392,0.7670878267100888,1.147690944259439,0.7392126306514198,1.129830109457537,0.7167572555855143,1.114596145458207,0.6982617899293206,1.101487202623884,0.6827703813549129
1.829436177772577,3.608512725102174,1.59555505794351,2.325878756255856,1.455679439659185,1.419966837046282,1.361858815774198,1.101536022204015,1.302607060826796,0.9647610266933491,1.260473349043617,0.8875416523146258,1.227752033481597,0.8356864733113322,1.201194848116125,0.7974429619787603,1.179134956602479,0.7677128576435417,1.16054026908402,0.7438274267325264,1.144693986281442,0.7241937933590268,1.131067230081325,0.7077748162219999
1.873710303755051,3.714759585435784,1.636386932362707,2.458991736076878,1.498576223218572,1.505056655246097,1.4025952367191,1.159530226573647,1.34074728900373,1.010286261963209,1.29661445069967,0.9264952818951026,1.262380406106724,0.8705989502855973,1.234642749454921,0.8295885005590858,1.211635420048791,0.7978279532386365,1.192263787771241,0.7723822526897592,1.175769640673816,0.751510071636162,1.16159533048419,0.7340838571343965
1.920078467044164,3.82387916530046,1.678294326354906,2.599817869295422,1.542740678286864,1.596916161005441,1.44480062069903,1.222204525516682,1.380308300993051,1.059191360973114,1.33407898034214,0.9681099201210989,1.29824519939058,0.9077433595955213,1.269256629939479,0.8636855269128778,1.245245224093462,0.8296977070226998,1.22505057707415,0.8025461740891439,1.20787054598348,0.780323544327105,1.193116872290723,0.7618014937599863
1.96873193917758,3.936085327600057,1.721351370316164,2.748776954468121,1.588203744302969,1.696121958043237,1.488528735851839,1.29004853753517,1.421358612907477,1.111835760917336,1.372935490183928,1.012656727320039,1.335411011008102,0.947335895886692,1.30509679759059,0.8999146355218833,1.280020889662789,0.8634783313711518,1.258953969473059,0.8344578576589551,1.241047372159452,0.8107597354214894,1.225680293175839,0.7910430845125518
2.019884336695518,4.051621362360849,1.765640637368939,2.906316721764611,1.63500005346255,1.803295162009636,1.533833599270265,1.363606488291644,1.463969419658784,1.168624880626161,1.413256507686083,1.060442205934568,1.3739466769149,0.9896203754887275,1.342227690048463,0.9384788242264315,1.31602285889562,0.8993448529387021,1.294031001197284,0.8682722274788268,1.275354293632194,0.8429585394124935,1.25933736024452,0.8219369221443255
2.073774601041749,4.170763303792024,1.811253952553705,3.072916156970956,1.683169004062391,1.91910456030765,1.580769458690101,1.443482686598299,1.508214445715226,1.230016319857775,1.455118637977264,1.111813460953299,1.413925515461905,1.034872437006374,1.380718171528295,0.9796068788778606,1.353315804481391,0.9374939097444531,1.330342717651552,0.9041628376475132,1.310849284862992,0.8770762807426693,1.294143454032502,0.8546260561968666
2.130670378612959,4.293823492666372,1.858293321898181,3.249089308045311,1.732755945617828,2.044270170117791,1.629390891644368,1.530347373922129,1.554169755792832,1.296526819023707,1.498602628717404,1.167164272461006,1.455425562544195,1.083404445496634,1.420641839185545,1.023557339470571,1.391968957757275,0.9781470300670215,1.367954501951177,0.9423246509162319,1.347594440810002,0.9132881219824539,1.330157877960832,0.8892704205204326
2.190871849341054,4.421154365744938,1.906872001208707,3.435389642089654,1.78381346891213,2.179567285932543,1.679753061024876,1.624942955460868,1.601913533892765,1.368740037795099,1.543793388506891,1.226942094125891,1.498529789826182,1.135571220020154,1.462077334522136,1.070623154621178,1.432056453873168,1.021554484444788,1.406936426532529,0.9829773010025024,1.385656323260563,0.9517908875462648,1.367444194772325,0.9260493240761868
2.254716055768889,4.553152438434959,1.95711572653781,3.632415029667946,1.836402795223016,2.325831122153685,1.731912168171445,1.728090627865196,1.651525846354211,1.447315205653231,1.590779950436993,1.29165610094305,1.543326296384169,1.191776722441212,1.505108653815624,1.121137150711224,1.473657691154298,1.067999820077793,1.447363627042232,1.026368932210393,1.42510633351539,0.9928063836717784,1.40607059121854,0.9651643754564845
2.322581787491981,4.690262426143355,2.00916413068702,3.840813443121554,1.890595261528158,2.483962171455403,1.785926144516155,1.840697430573445,1.703088413796553,1.532996689691154,1.639655374097441,1.361886417275669,1.589908462468667,1.252481864817304,1.549825449596757,1.175478464435324,1.516857700273559,1.117805208316595,1.489316696662712,1.072780729179759,1.466021111227937,1.036585312324607,1.446110271841969,1.00684292649759
2.394895077612024,4.832981422564824,2.063172372838319,4.061289465724309,1.946473902456425,2.654932415853198,1.841855620024649,1.96376376544131,1.756684427853536,1.626624515212117,1.690516582836958,1.438294661084448,1.638375052761057,1.318213613016544,1.596323312968821,1.234080113023069,1.561747516940668,1.171337761178347,1.532882097636387,1.122532272679632,1.508482958237616,1.083411897275044,1.487641882054099,1.051342138623746
2.472135367827291,4.981863017900701,2.119313011494702,4.29461171888011,2.0041351349491,2.839792544999006,1.89976520106331,2.098391453613764,1.812398461015744,1.729145863787005,1.743464138927202,1.521635940936033,1.688830255861985,1.389575584428171,1.64470402414939,1.297437904970139,1.608424549491235,1.22901700240249,1.578152584934904,1.175987885021945,1.552580284913236,1.13360936556338,1.530749959777371,1.098953797881558
2.554842396078536,5.137521195008993,2.177778154361288,4.541621324630569,2.063690557764633,3.039680355447993,1.959725082133746,2.245792429763238,1.870316530854006,1.841627562957554,1.798601968151559,1.612772437571639,1.74138364734798,1.467260356440035,1.695075756214276,1.366120925366616,1.656992930020061,1.291323712805293,1.625227634716898,1.233564161611041,1.598408074757929,1.187546457768271,1.575525413614604,1.150010031865309
2.643623854083022,5.300633784845791,2.238781922606269,4.803241529816742,2.12526888479328,3.255830525811361,2.021813005851824,2.407298211808855,1.930526392109696,1.965269573965963,1.856037057790082,1.712688690223635,1.796150066306476,1.55206371786134,1.747553214970866,1.440783863051286,1.707563834617984,1.358810408774893,1.674213867378691,1.295738924057601,1.646068360730107,1.245645176853154,1.622066023737017,1.204890114907904
2.739163850042973,5.471945192324623,2.302563271074241,5.080488625322478,2.189018038328128,3.48958598605281,2.086116574726735,2.5843703284291,1.993118139920901,2.101419481730647,1.915879168323004,1.82250868857839,1.853249400743459,1.644901105190349,1.802257696718389,1.522181480426458,1.760255755017503,1.432113756480437,1.725225451620711,1.363061875766895,1.695670703824101,1.308390028876962,1.670476959335193,1.264028588170126
2.842232192246532,5.652268018083629,2.369389210417781,5.374484297492037,2.255107435675584,3.742411124780871,2.152735908141422,2.77861193597351,2.058185212876111,2.251587998297353,1.97824061929004,1.943514844125772,1.912806286747391,1.746826466512849,1.859317046158159,1.611185558574014,1.815194700870548,1.511969272001194,1.77838447210041,1.436167293310081,1.747332660874075,1.376339060485188,1.720871303449632,1.327924969868124
2.953694479534948,5.842483099252767,2.439558481654332,5.686469547067969,2.323730509540089,4.015907106049154,2.221786629984255,2.991780909233389,2.125825883774209,2.417465510891572,2.043236232768053,2.077168880633805,1.974949740931778,1.859053784388474,1.918865499997169,1.708804676990278,1.872514309556099,1.599228707516765,1.83382123912752,1.515789146091332,1.801180224300555,1.450137058660942,1.773370572199585,1.397155389150668
3.074522941327354,6.043537372752594,2.513405738167777,6.017820301090253,2.395107509299754,4.311829596309097,2.293403168027063,3.225804745098078,2.196145317516764,2.600939741838779,2.110983542058486,2.225134645337134,2.039812766447022,1.982981461777454,1.981043409267966,1.816207204221204,1.932355839756769,1.694880573125784,1.89167451489945,1.602779101939454,1.857348211729196,1.530531348158297,1.82810521082089,1.472386546312921
3.205807908890299,6.256438829217045,2.591306294392237,6.370064821394794,2.469488636468778,4.632109231585311,2.367742346389435,3.482797672350495,2.269258259000029,2.804114642284595,2.181603395512906,2.389302804856829,2.107532000226205,2.120219728836521,2.045996846762199,1.934747877015863,1.994868027379512,1.800074288326353,1.952091627708448,1.698127945164636,1.915980578386353,1.618390701101247,1.885215043566647,1.55439248305481
3.34876971571969,6.482247678338855,2.67368150395567,6.744902974621693,2.547157573216199,4.978875182649642,2.444987257692804,3.765080412547248,2.345292390083083,3.029330715272257,2.255221102075918,2.571817359708978,2.178247502617968,2.272621161633382,2.113877127036423,2.065998324231388,2.060206789528117,1.916148490165764,2.015228444549367,1.802991002410642,1.977230620527518,1.714727959945963,1.944849648662637,1.644074739647226
3.504770712232922,6.722062695460051,2.761004832375842,7.144227366298948,2.628435467674742,5.3544821987861,2.525351411530822,4.075203083666347,2.424392366080745,3.279187054205377,2.331968271621799,2.77510389701476,2.252102828171322,2.442314317393267,2.184840296724169,2.211781839866652,2.128534776420924,2.044664037581385,2.081249175349299,1.918718233869889,2.04126103493744,1.820727066004651,2.007168623684172,1.742486580234333
3.675326931559368,6.977001578717193,2.85380868973275,7.570146246828869,2.713685443782462,5.761541523904707,2.609083169760671,4.41597177711961,2.506724512526932,3.556565484918128,2.411985495289485,3.001899511761579,2.329245554115161,2.63174038943532,2.259046693055584,2.374212619930596,2.200020794929012,2.187442232005191,2.150325991008473,2.0468896933967,2.108243799418767,1.93777527482346,2.072341701934326,1.850862080126448
3.862118751600014,7.248174038291435,2.952692086045163,8.02500795868375,2.803317706316094,6.202956075343613,2.696470495436978,4.79047936601525,2.592482136746903,3.864657305216829,2.495425985971874,3.255284370429781,2.409828474919866,2.843692677766185,2.336660717554475,2.555739545119121,2.274839163193467,2.346608709253557,2.222638455592168,2.189357077043696,2.178359844589136,2.067501416739921,2.140548678311256,1.970650983713924
4.066999656259492,7.536646297114441,3.0583291649438,8.511426497300103,2.897795313214992,6.681960245824028,2.787846059247506,5.202141112785363,2.681891390572387,4.206993213630702,2.582460256741959,3.538714970922232,2.494011689397939,3.081358572429616,2.417851026261316,2.759194414628575,2.353169105075909,2.52464333253128,2.298372803741247,2.348292047497987,2.251798501518512,2.211821110558486,2.211979106279459,2.103560347805461
4.292001899501188,7.843395751207353,3.171478657772353,9.032307484867712,2.997640686665223,7.202164618891589,2.883592763260233,5.654735629407727,2.775217613768921,4.587477095446879,2.67328185874768,3.856059266873259,2.581965802729089,3.348363673684724,2.502791390542446,2.987844321966004,2.435194355471767,2.724436217952343,2.377721140854081,2.526241919788701,2.328756736795421,2.372989838802467,2.286831739463992,2.251604065597479
4.539337516206666,8.1692547769778,3.292994277969502,9.590873484226615,3.103442930839033,7.767605758795523,2.984149754931793,6.152451691514616,2.87277209393182,5.010424372932868,2.768114137180882,4.211633960949678,2.673876432780683,3.648817643663694,2.591662523041513,3.245447626437925,2.521103218771072,2.949349744295496,2.460880707693603,2.726193097203233,2.409438230845217,2.553664715927941,2.365313716656817,2.417161395689783
4.811392705975196,8.514843154360166,3.423836041246306,10.19068708310498,3.215866016423661,8.382801021386051,3.090019013107494,6.699941301314279,2.974919196869022,5.480605609723185,2.867217904320921,4.6102444086589,2.769950145528702,3.987361411097459,2.684655178456341,3.536312738665641,2.611089394157811,3.203286039412649,2.548053431655149,2.951642332648395,2.494052420337138,2.756975591693104,2.447639532922278,2.603045563466997
5.110713151930867,8.880489378499174,3.565082446510408,10.83566952716944,3.335657878415771,9.0528079989337,3.201772590774115,7.302379208748336,3.082083848629816,6.003295965387468,2.970899883104596,5.057227678958978,2.870421852241229,4.369215435062593,2.781974815378,3.865358736348515,2.705353938708667,3.490759012688236,2.639446077802456,3.206675443929318,2.582813712410101,2.986605793064368,2.534029906960767,2.812583313810596
5.43997735353248,9.266142334968769,3.717943380445149,11.53011184233477,3.463660451810318,9.78328771386839,3.320060595275759,7.965528801447121,3.194759381403945,6.584330899235018,3.079521751949218,5.558499348978921,2.975563592971872,4.800228858151048,2.883848034242271,4.238176688911937,2.804108763649571,3.816969549029418,2.735271400800577,3.496052530608586,2.675941183308753,3.246882285366734,2.624710748686629,3.049705922079547
5.801954599914869,9.671276466662158,3.883773508626743,12.27867433304003,3.600820636763312,10.5805699567871,3.445619974113902,8.695813815603415,3.313515784652336,7.230168189225333,3.193509625932333,6.120604518666939,3.085694524796885,5.286929503393725,2.990530887130229,4.661090516813618,2.907582030958708,4.187882042930966,2.835750763306027,3.825298047002791,2.773659185110129,3.54287430570053,2.719912548751978,3.319051561160903
6.19944386875296,10.09479566202908,4.064085780213348,13.08636905304329,3.74820213667589,11.45171815107114,3.579284151521846,9.500394641056841,3.439008424167318,7.947955818741977,3.313363839209337,6.750773263176137,3.201191849588907,5.836574727637676,3.102318999714714,5.141216238405091,3.016025722221807,4.610300085153147,2.941118700882943,4.200793329917385,2.876199379927225,3.880498593394859,2.819870642463827,3.626078033395525
6.635189824367122,10.53494354542358,4.260564492417203,13.95851831795023,3.906998044532481,12.40458973423583,3.721993525338686,10.38724701694425,3.571987300060701,8.745604533273488,3.439668941140563,7.456980237578464,3.322502372291794,6.457203050680795,3.219559278755266,5.686518521921331,3.129725487368746,5.091938862333679,3.051629852017739,4.62986843547596,2.983804770349337,4.266628255473575,2.924826921290819,3.977183692129922
7.111772371797592,10.98923040817841,4.475077124992515,14.90068060063973,4.078543958672289,13.44788617720901,3.874806782092472,11.36523954327108,3.713306905613481,9.631862806038473,3.573103872136607,8.248007345543767,3.450154385303212,7.157686133945814,3.342662833009591,6.305863475163091,3.249012664493709,5.641491700007674,3.167568518055796,5.120889492032974,3.096736262744894,4.709201144961625,3.035033640520005,4.379832929990129
7.631467107968075,11.4543892550724,4.709683853295417,15.91853332086965,4.264331281690534,14.59118431565993,4.038912916388447,12.44420455552876,3.863936718947909,10.61639048299695,3.714452331090108,9.133507208068751,3.584769624331711,7.947779978877862,3.472118643276716,7.009066441216403,3.374278129828514,6.268688123367483,3.289260876340939,5.683337293476968,3.21528215773006,5.217322516376117,3.15075995831149,4.842680992282813
8.196075731113011,11.92637472563217,4.966643271513244,17.01770030415775,4.466020186865631,15.84493755300028,4.21564374325129,13.63499439927716,4.024972305416019,11.70982539301842,3.864613371589989,10.12406353657616,3.72707512088345,8.838173049684265,3.608507499190039,7.806933066575212,3.505987438121333,6.984340708140717,3.417089572906199,6.327872552797745,3.339770702064869,5.801355782588592,3.272301700166147,5.375691237167884
8.806728247727236,12.40041819453856,5.248412399062581,18.20351037725768,4.685451515957828,17.22043166502873,4.406486562295377,14.9495118767675,4.19764692704439,12.92383458733997,4.024612258581351,11.23124233259774,3.877914863301964,9.840527301006233,3.752515777710722,8.711290902092621,3.644696595430708,7.800377660239579,3.551510127000114,7.066383034925945,3.470585485200352,6.472994516526671,3.399994556675708,5.990236496352358
9.463662792557106,12.87114934446177,5.55763850342939,19.48067320859245,4.924656590657009,18.72967543379008,4.613096462608493,16.40069952441845,4.383343442177199,14.27113849821754,4.195611573527986,12.46762500553385,4.038261246743885,10.96750572362008,3.904948751345119,9.735007137625512,3.791067797318415,8.729857270918355,3.693068358271728,7.912007512998652,3.608183086025506,7.24530841135102,3.534230515035367,6.69917505616285
10.16599400701234,13.33278834005599,5.897139664701067,20.85285983701651,5.18586356844383,20.38520136988339,4.837307538246707,18.00246739993819,4.583606128320193,15.76549209906155,4.378922469868008,13.84681093520127,4.209226320552267,12.23277694363654,4.066743247516582,10.89198564714476,3.945884563589265,9.786958920661975,3.8424179562587,8.879130881608962,3.753112060083089,8.132755592563591,3.675476868569375,7.516891048580774
10.9114868569785,13.77940338047007,6.269870363564992,22.32217934101672,5.471498546083027,22.19974682411685,5.081142007215601,19.76953334244221,4.800151867564121,17.42160211129547,4.576015848516986,15.38337266732957,4.392072813723633,13.65098359046503,4.238979593232546,12.19713327955274,4.110065872102032,10.98694298033462,4.000337373328212,9.983343523765972,3.906032189599207,9.151153195042182,3.82429675217695,8.459288626776189
11.69635877033582,14.20521677571424,6.678867758602469,23.88855094257471,5.784179110312508,24.18578171965986,5.346815883658138,21.71714360796329,5.034879889358669,19.25495360280118,4.788533042476246,17.09274187870851,4.588224827360344,15.23765662045099,4.422892835093342,13.66628129749691,4.284679083220237,12.34606871423104,4.167745412010505,11.2413559273564,4.067732945052507,10.31759713958406,3.98136992560971,9.543728940803794
12.51513791025961,14.60493087240385,7.127173835574647,25.54898368683684,6.12669746614669,26.3548473824969,5.636739438496535,23.86063617054927,5.28987896216671,21.28151339813207,5.018295366693447,18.9909987282227,4.799277924657586,17.00905270426691,4.619883199647389,15.31604317877359,4.470951593312634,13.88145520070213,4.345715131174526,12.67085648378897,4.239150314056202,11.65032027253982,4.147512538305346,10.7888982622752
13.36060794276522,14.97403632609409,7.617728421375104,27.29679453871676,6.501989666420334,28.71667360593072,5.953510198764044,26.21480518601852,5.5674305573258,23.51727242726556,5.267311599824788,21.09453176030317,5.027008124696987,18.98188652276079,4.831525642720107,17.16358495241881,4.670281212512521,15.61086560653653,4.535485929854742,14.29029649251103,4.42138146836646,13.16847534880895,4.323694850792682,12.21459430429775
14.22386864113894,15.30906298926745,8.15322838359779,29.12082027873888,6.913086875287751,31.27805092410492,6.299895691500799,28.79302524934927,5.870006072646961,25.97758591165639,5.537782114045664,23.41953112194131,5.273379017476251,21.17292505446304,5.059578129313206,19.22627938683356,4.884245202156517,17.55239036318815,4.738473808024473,16.11858202609287,4.615697056938371,14.89182591507551,4.511056272507607,13.84141573308492
15.09453651336679,15.6077408275144,8.735949474295957,31.00470737846819,7.363044112595996,34.04145530409899,6.678802562055008,31.60610105713817,6.20025570446607,28.6762712755745,5.832097954939246,25.98127604203208,5.540545865209217,23.59840781257169,5.30598799494503,21.52121156749082,5.11460772599833,19.72400066899526,4.956279802914309,18.17464817866468,4.823551129857093,16.84032452812223,4.710917472338736,15.69033733517487
15.96110050956462,15.86905512452043,9.367529563205531,32.92639319206119,7.854841680638178,37.00345611757673,7.0932281408514,34.6608254989294,6.560986011740083,31.62443178111965,6.152832698015327,28.79318052124955,5.830855140197069,26.27325719265206,5.572895373764957,24.06450203318798,5.36332517689532,22.14294142045289,5.190696443462213,20.47688837018715,5.046588746271169,19.03355486524237,4.924789597108734,17.78215102418934
16.81143530564627,16.09320342590462,10.04871578246219,34.85791464631976,8.391254659051718,40.1529869560082,7.546190082343033,37.95826074733071,6.95512265965913,34.8289925700248,6.502724383109648,31.86557184068967,6.146837476282591,29.21004890899731,5.862632247074233,26.87041653082121,5.632548454880707,24.82493372149805,5.443711766786574,23.0424112281782,5.286651176458967,21.49001348683563,5.154380708733671,20.13675205582442
17.63345873058803,16.28148414509137,10.77908362437528,36.76568801633788,8.974686711972391,43.46962108451689,8.04062948242427,41.49180526981888,7.385654324925683,38.29096844274842,6.884644279468743,35.20419799023245,6.491191489531858,32.41772666391907,6.177715177170181,29.95024090863516,5.924620812081191,27.78316351064085,5.717510026363539,25.88610189199402,5.545778290151,24.22620997367044,5.401599397037605,22.77225208037598
18.41589962787137,16.4361596974317,11.55674332315336,38.61138531673112,9.606966271130474,46.92206234915873,8.579283072452657,45.24517466034627,7.855553387253931,42.00353145103429,7.301548711848405,38.80849521246998,6.86675537727116,35.90007045968684,6.520829258871606,33.31091820109984,6.242069362512066,31.02704680800252,6.014467722469601,29.01947539314049,5.826207268613838,27.25557277455808,5.668555166917429,25.7039078428286
19.14911669060069,16.56033356516146,12.37805753700485,40.35348147295312,10.28910623513982,50.46712464642494,9.1645209147184,49.19050043915231,8.367668961605881,45.95001031014876,7.756409761216652,42.66969666676862,7.276462675524541,39.65396623295363,6.894800267719122,36.95347467332172,6.587587799404837,34.56078567566541,6.337143029806216,32.44932899329687,6.13036623072903,30.5871642016441,5.957554688444248,28.94286824092505
19.8258791608827,16.65785994177385,13.23740348008993,41.94946020053489,11.02103289958369,54.04950857048043,9.798147748359124,53.28682593008162,8.924588230109975,50.10202665883347,8.252120461138388,46.7689254660326,7.723278113671662,43.66757551576588,7.302551450146176,40.87130321758056,6.964007295667781,38.38176334860159,6.688256112052184,36.17622928966761,6.460860763474959,34.22423290701435,6.271092394906113,32.49476439062137
20.4419943193305,16.73327382703856,14.12702060821059,43.35855391252282,11.80129599395476,57.60266939653901,10.48116902517948,57.47933174225005,9.528463141607753,54.41804234888275,8.791370305497329,51.07548254972038,8.210109258229146,47.91856360295533,7.747040953359845,45.04842406207728,7.374252026136324,42.47887129286484,7.070657230088612,40.19290828331019,6.820450730655354,38.16266592394179,6.611833268318712,36.35819753951505
20.99665833392584,16.79170233451453,15.03698949891032,44.5447739288358,12.62677926485782,61.05098711318343,11.21352695054126,61.69963006382187,10.18080161608133,58.84263744915462,9.376487671873655,55.54559828778343,8.739689733842676,52.37260410615739,8.231175632230567,49.45789825663002,7.821275310082597,46.83091116347553,7.487279015495086,44.48268764741785,7.212014138665226,42.38944287803393,6.982585008722688,40.52321645092051
21.49243106384234,16.8387087989797,15.95538614897875,45.47989022241825,13.49243942284698,64.31329167918305,11.99381759098708,65.86740380655914,10.88222566477742,63.3068371101806,10.00924738764836,60.1219472437324,9.314430441315181,56.98242228433914,8.757697039258415,54.06061804808376,8.30797212954686,51.40526266677643,7.941068863735151,49.01809587203979,7.638494315967113,46.88123722508828,7.386256187673285,44.96991498714875
21.9347973788489,16.88003729180426,16.8686462855175,46.14597431374287,14.39110938070811,67.30758224448596,12.81900717464561,69.89352299477339,11.63220348506755,67.72973692816656,10.69064436803864,64.73420761783731,9.936236587799099,61.68765114483096,9.329035986683353,58.80472517678766,8.837063874568091,56.15704209073274,8.434897206412595,53.75987888242073,8.102826290098706,51.60334502757479,7.825796496255077,49.66731483870625
22.33136554818262,16.92126160809955,17.76215522001925,46.5371449602702,15.31340796886861,69.95654883001563,13.68417359278208,73.68455858127419,12.42876862317416,72.02153417915147,11.42063823795174,69.30086569462857,10.60629074379362,66.41573618862397,9.947133387833327,63.62589730356679,9.410951783640407,61.02898148016241,8.971437593942261,58.65661867704677,8.607838133839472,56.50913996117289,8.304114898814706,54.57271804383566
22.69083902974889,16.96738415860746,18.62105074862488,46.66025640556139,16.24780075043202,72.19331493512394,14.58230688266857,77.14837134650644,13.26824646948977,76.08787106486491,12.19787919698424,73.73232046978386,11.32480575572287,71.08402815414001,10.61322737316031,68.44868231244121,10.03153690447611,65.9522225193747,9.553015245009732,63.64515439958519,9.156123353059019,61.54024272667417,8.823971517256147,59.63170885009322
23.02194939239185,17.02245785266728,19.43119219648442,46.53442471096543,17.18085308149546,73.96672254655191,15.50420875952093,80.20023790752289,14.1450160577372,79.83517420148831,13.01943197507308,77.93515406483306,12.09075628643328,75.60305454185519,11.3276101445743,73.18894864250775,10.70000672671836,70.84813657840135,10.1814222149562,68.65193867365016,9.749881294794529,66.62754590243871,9.387839560302092,64.77894674489431
23.33253582564773,17.08930599192757,20.18021255986677,46.18946425027278,18.09770532401105,75.24550679742778,16.43853432798229,82.76884490541113,15.05134236488695,83.17648521287053,13.88052212809384,81.81723833663118,12.9016039634056,79.88078455387699,12.08936280122272,77.75737069490128,11.41659213663127,75.63115947572078,10.85769982641711,73.59536099026788,10.39072428394972,71.6931510318764,9.997734777320975,69.93982039809354
23.6289042381692,17.16939178009369,20.85853909609607,45.66346311242678,18.98277993888387,76.02085125221085,17.37201701581181,84.80147233222451,15.97731963295546,86.03717084153601,14.77433633402409,85.29319513272931,13.75303824778656,83.82753698101644,12.89608239328189,82.06371029732719,12.18030312574279,80.2124865124963,11.58189268015996,78.3889435294119,11.07945296695963,76.65316333357006,10.65501197557869,75.03293310674185
23.91551938221063,17.26285151545725,21.46024791370083,44.9998289912667,19.82070100552372,76.30704016225525,18.28990868937352,86.26779772033494,16.91096792689095,88.35990535078368,15.69191456705006,88.28965717586851,14.63876250794133,87.36106779005303,13.74362243170384,86.02152489096483,12.98865769231583,84.50434077253119,12.35278350906313,82.94518779027156,11.81580531602205,81.42117098057861,11.36013129486505,79.97328080886656
24.19500618491775,17.36866894331788,21.98361747955688,44.24416901571127,20.59737010847333,76.14017866460439,19.17664939395616,87.16194978160586,17.83852134727872,90.10842723905189,16.62217549667504,90.74980526856936,15.55036131384757,90.41134257738879,14.62587535952758,89.55286332767713,13.83742529048909,88.42443754050274,13.16762425886008,87.17975194389489,12.59818997381187,85.91213626770713,12.1124013142552,84.67588667441731
24.46838348381647,17.48494406103418,22.43127048313717,43.44133167281645,21.30110237230921,75.57518611027928,20.01675457854429,87.50267005934774,18.74493529529082,91.26975033304453,17.55211541337373,92.6367718550223,16.47728923163271,92.92455358994668,15.53463205800358,92.59251741502662,14.72041336022555,91.90024211470488,14.02188571504294,91.01559286037475,13.42342094062035,90.0463688296278,12.90971165719125,89.05959410256821
24.73543242645848,17.60920195814976,22.80984541250093,42.63285802332211,21.9236895601246,74.6814473191418,20.79587274135815,87.33165507371845,19.61462063198337,91.85470666774205,18.46721363899607,93.93566380656812,17.40702170956063,94.86606088724434,16.45955795090738,95.09147517951267,15.629331899674,94.87266098023203,14.90905505284969,94.38672316604354,14.28647758701818,93.75324947151839,13.74827432121259,93.05070704479189
24.99510811734678,17.73869345201471,23.12921385219774,41.85499267832162,22.46123358796325,73.53761593831911,21.5019260676723,86.71031948148654,20.43238402602972,91.89687277851189,19.35206219805659,94.65412433278888,18.32540325025503,96.22208526760983,17.38832606038931,97.01934377006938,16.55377536945038,97.2989010563136,15.82051681621241,97.24130430678811,15.18032084141592,96.97442458419872,14.62239994592656,96.58620391874156
25.24592557913078,17.8706533872583,23.40134316592817,41.1373186834142,22.91459540894279,72.22610237840502,22.12620687761359,85.71533505804977,21.18451728007167,91.45006021222044,20.19121354432506,94.82149130577372,19.21721534957112,97.0001189258066,18.30694273894417,98.3656407393707,17.48136185254698,99.15434916847391,16.74555666257535,99.54389852791313,16.09580203362935,99.66627827508457,15.52434176536142,99.61632605575191
25.48627850411821,18.00249849153094,23.63897541349487,40.50201774315511,23.28934097183614,70.82775456772852,22.66427337375332,84.43336692900213,21.85993744800894,90.5846347344269,20.97020749229011,94.48670342564887,20.06696547903202,97.22812383389775,19.20029014533902,99.13996201868211,18.39806465256587,100.4334332686654,17.67152715898973,101.2768073494689,17.02170386260316,101.801586945462,16.44424486007491,102.1064316275644
25.71467376055499,18.13196046572691,23.85432953303727,39.96371649629252,23.59514011642901,69.417166968486,23.11648198519959,82.95545679194083,22.45124108752814,89.38297869893759,21.67669925106093,93.71516183646007,20.85986840141619,96.952652043431,20.05288960897719,99.37110823727231,19.28875982060665,101.1495072582071,18.58420933489991,102.440507925987,17.94495171350369,103.3703451633925,17.37024007106323,104.0380883161469
25.92988245849276,18.25715963930651,24.05802138276496,39.52985069606788,23.84467490462158,68.05894827435121,23.48802262524424,81.3714991370034,22.95551094535996,87.93443986644431,22.30156967749199,92.58478760023063,21.58295364465964,96.23605634565619,20.84986136515722,99.1052900780125,20.13799323195831,101.3338469681391,19.46839106762579,103.0532504936109,18.85102647115299,104.3798078033159,18.2887189789068,105.4094364374634
26.13101902513873,18.37662988767584,24.258338188151,39.20145332614569,24.05221608200444,66.80515636052866,23.78839262562674,79.76522347002087,23.37471512209935,86.33012381738732,22.83986558365681,91.18153781227689,22.22619199397487,95.15297945884065,21.57801971297537,98.40355116322038,20.93094229451453,101.0338639731166,20.30866254137518,103.1499026399094,19.7245956192492,104.8538198081816,19.18481713605253,106.2348838558013
26.31756441434714,18.48930739828167,24.46091968033384,38.97424877297183,24.2320982373733,65.69398219512716,24.0303467238101,78.21003496485497,23.71557870999809,84.65788584986528,23.29140481037989,89.59466044224486,22.78349715736036,93.78632667454923,22.227001907987,97.33855824063257,21.65451107369266,100.3106509082378,21.09039958231546,102.7801314216079,20.55035674176765,104.8315104559357,20.04311592690295,106.5442006961417
26.48935011032506,18.59449540729497,24.66881476300093,38.83991909708301,24.39734032924637,64.74964097496924,24.2284701700432,76.76597995237448,23.98888852472526,82.99785915905854,23.66090118079507,87.91197881747686,23.25343811864418,92.2229440663251,22.79029119977363,95.99092188933415,22.29845695123437,99.23597913032708,21.80086871220719,102.006016065151,21.31405636732245,104.3654270018879,20.84854816444196,106.3810776583154
26.64651771404059,18.69181525102762,24.88282260672448,38.78740736132797,24.55861234403308,63.98331701623134,24.3976058911118,75.47799401720894,24.2083001437646,81.41881654614424,23.95752639042949,86.21549744955709,23.63950695742432,90.54923939255228,23.26597070859631,94.44522727602818,22.85640900952629,97.88888175830371,22.43034698300817,100.8991905012984,22.00360890283896,103.5191836860474,21.58745898102272,105.801208401033
26.78946595266176,18.7811517778453,25.10200095267671,38.80413959232143,24.72365778504542,63.39491997958604,24.55139489173828,74.37546418377951,24.38882458172841,79.97560018674915,24.19392463697931,84.57760875527779,23.94983670655976,88.84699244840692,23.65704927481156,92.78597015719278,23.32661456195415,96.35197023247477,22.97311266126897,99.53762685554226,22.61019960003522,102.3647097835748,22.24873390950341,104.8699598912408
26.9187938059578,18.86259886478935,25.32422932919352,38.87707771651377,24.8971773097283,62.97535639668505,24.70115081145996,73.47300329097747,24.54524416723532,78.70776510522067,24.38480970253032,83.0581515349124,24.19635397253403,87.18960445889158,23.97124471940037,91.09360627589383,23.71225478513005,94.70764686067433,23.42814159954945,98.00218404678523,23.12922069829249,100.9791913217202,22.82486584839533,103.659703179273
27.03524559615441,18.9364087647253,25.54673994959295,38.99355304885251,25.08109300226046,62.70901077376438,24.85519909713487,72.77221250005631,24.69071683575683,77.63946727757686,24.54536889217234,81.70251995216188,24.39346471880278,85.63902974941989,24.22019597782019,89.44093359519366,24.02121517303707,93.03438960186512,23.79935308509684,96.37305741356776,23.56087402787246,99.44181064705209,23.31280196404627,102.2468851161787
27.13966156238141,19.0029473944689,25.7665617040714,39.14186550203753,25.27506466811109,62.57616398259115,25.01870116599428,72.26411960032681,24.83577105563037,76.78049663762437,24.68974004496352,80.54093821359128,24.55647660128645,84.24360902396171,24.41818866706402,87.89003575807793,24.26528343074732,91.40330261403517,24.09529945763761,94.72627957391295,23.91029100926689,97.83039701263087,23.71440459102937,100.7089264763994
27.23293568683252,19.06265647628681,25.98085318458222,39.3116618615489,25.47712149076647,62.55514204454287,25.19388927005792,71.93194449348098,24.98779134349331,76.12823076673176,24.82980040458889,79.58890050622368,24.70002130700064,83.03696836393426,24.58058772260564,86.49001231733422,24.45886152936873,89.87514735160596,24.32828600573414,93.13044653565724,24.18708192005591,96.21811805594848,24.03639100197046,99.12103983314417
27.31598130995848,19.11602262071019,26.18712385851878,39.49412477902298,25.68429406873283,62.62406836269608,25.3805813766635,71.75386386674614,25.15098295193338,75.67019477839681,24.97441965254715,78.84864292034899,24.83673232858228,82.03805197200596,24.72223858025263,85.27568811361361,24.61738829545099,88.49808254389919,24.51302411302026,91.64387640796214,24.40432704627585,94.67037529814922,24.28969216080973,97.55308404847011
27.38970427605346,19.16355291893991,26.38335699570758,39.68201290868738,25.89316812543515,62.76216963378747,25.57683200234269,71.70551388694012,25.32671754368343,75.38687846230302,25.12921578767886,78.31139355120149,24.97636010883842,81.25222687487023,24.85609891824452,84.26741416403075,24.75573637845414,87.3063236081381,24.66502760823187,90.31243472463808,24.57714088253486,93.24211318017323,24.48828104095136,96.06661926022353
27.45498288756446,19.20575632486508,26.5680548363106,39.86959382776728,26.10031878152943,62.95064777519308,25.77959483246886,71.76206149592223,25.51411764748667,75.25448793481671,25.29674953198036,77.96007064374537,25.12539513987737,80.67326195218907,24.99229543417936,83.47194695063909,24.88684661717809,86.31986110182011,24.7990220242215,89.16825086203448,24.72104030874534,91.97578715597523,24.64763878393512,94.71238583037739
27.51265372282911,19.24312998307384,26.74022785523449,40.05250757121689,26.3026149657904,63.17317174660759,25.98531019492786,71.89976853781349,25.71073606282699,75.24738248254411,25.47702745460132,77.77208533626646,25.28715904717278,80.28587940238128,25.13769010758703,82.88424847893165,25.02079345476576,85.54525250097802,24.92762547774463,88.22947918059386,24.85039216310873,90.90022637911635,24.7831128844309,93.52846969827246
27.56350230961005,19.27614964496722,26.89934797929991,40.22759211827372,26.49740419667119,63.41606450041623,26.19037042710797,72.09705107984878,25.91321416378733,75.34004379072501,25.6681639740704,77.7219527976338,25.46224558079521,80.06853316398923,25.29592678235872,82.48992753233057,25.16436353093736,84.97734968839347,25.06048194117314,87.50112665584895,24.97718691385364,90.03054543492409,24.90844302667008,92.53939498631732
27.60825768512509,19.30526336761947,27.04528198406511,40.39269480158151,26.68259903439423,63.66826540252124,26.39144948092618,72.33509023312725,26.11784354849011,75.50851974246606,25.86706931096756,77.78350298492248,25.64916119178188,79.99609290476528,25.46784535806888,82.26797924904402,25.32111537988307,84.60169184247877,25.20391243545368,86.97680864692164,25.11029410584197,89.36911424813881,25.03467814194031,91.75628272009656
27.64758996796501,19.33088777844834,27.17821723626579,40.54648656645512,26.85669017900287,63.92114256926116,26.58570592462443,72.59807981125954,26.32099506517336,75.7313611738993,26.07006789472157,77.93158253519046,25.84502358255311,80.04218840198554,25.6521132490106,82.19348889722131,25.49180501319876,84.39722046614818,25.36103733668133,86.64115672597653,25.25523623322848,88.90742694272933,25.1696028681879,91.17805100184809
27.68211018775812,19.35340629189311,27.29858816733858,40.68828995189646,27.01871006742613,64.16821761636287,26.77088100909601,72.87320463972277,26.51941013356416,75.99011989978499,26.27339375463213,78.14322902916133,26.04621078505416,80.1810695780583,25.84592879788529,82.24003416275328,25.67502554194226,84.33897618826256,25.53224551161045,86.47252960912944,25.41441083815161,88.6285743440227,25.31767169270133,90.79345864589042
27.71237174482532,19.37316876856293,27.40700870888821,40.81792686111147,27.16816714805263,64.40485117336624,26.94531790498063,73.15043763675872,26.7103690749033,76.26950068134738,26.47354533913581,78.39836441924372,26.24889597399511,80.38893480307372,26.04568398542147,82.38162018857551,25.86791512732436,84.40050371826644,25.71585598332977,86.44568498808849,25.58762399831599,88.50996196899391,25.48035278220414,90.58366884273059
27.73887299240777,19.39049220468889,27.50421349527822,40.9355886412222,27.30496641147947,64.62792375806742,27.10792734972515,73.42223015096155,26.89176095752671,76.5572640459806,26.66750731882295,78.68009231219449,26.4494418826306,80.64475611662361,26.24751666552641,82.5940832041744,26.0668210425439,84.55579250527366,25.90882915866556,86.53414166419877,25.77277953618449,88.52593504037594,25.65673258309009,90.52496678936653
27.76206054195908,19.40566212607525,27.59100890397575,41.04172855617164,27.42932724683768,64.83553467162704,27.25812120879806,73.68315337754835,27.06208188618989,76.8439679632565,26.852861053524,78.97469761905067,26.64465709356563,80.93067776507385,26.44772241430536,82.85598071980839,26.26785095047062,84.78068475024956,26.10742089231347,86.71206603773022,25.96658758285183,88.65005390251943,25.84422775877176,90.59130522254202
27.78233298474096,19.4189344345287,27.66823385479558,41.13697520583782,27.54170580649632,65.02673205806798,27.395730636903,73.9295322833209,27.22038652441656,77.12262069854964,27.02781075533128,79.27144368063364,26.83193346838905,81.23208566204501,26.64302594328003,83.1490397429783,26.46728243935655,85.05376699145435,26.30771647334654,86.95562224351043,26.16519597601592,88.85687250892097,26.0392793769801,90.75644681978122
27.80004480017987,19.43053751600285,27.73672959697743,41.22206460006602,27.64272599801553,65.20128020970601,27.52092074713068,74.15909920012464,27.36621324945181,77.3882994820738,27.19115187443799,79.56224851439789,27.00929137564842,81.53744650306425,26.83073029076478,83.45825995267042,26.66183157662388,85.35681668211922,26.50602058772154,87.24380888756976,26.3646917485079,89.12317707320587,26.23794726112875,90.99558547629302
27.81551028406323,19.44067446936199,27.79731735521921,41.29778824075516,27.7331209801224,65.35946532024047,27.63410955348061,74.37068286433893,27.49949830201952,77.63777298358625,27.34220450502301,79.84130416548351,27.17536008337304,81.83800389307814,27.00877030701945,83.77177245561336,26.84879926885069,85.67490154138049,26.69910746335717,87.55885847761961,26.56145678504456,89.42872132936178,26.43636497614328,91.28642903690606
27.82900737930655,19.44952535412728,27.85078257731772,41.36495453439621,27.81368551467046,65.50193778319198,27.73589567476047,74.56394024754415,27.6204895630794,77.8691515456954,27.48072960682187,80.10468529553967,27.32931750523992,82.12740156721104,27.17569818897117,84.08054451981378,27.02612228206424,85.99623338618592,26.8843518891411,87.88629969204011,26.75238704833635,89.75654247870355,26.63104929993274,91.60979759019716
27.84078133059376,19.45724938634814,27.89786454393755,41.42436102495377,27.88523857477676,65.62958737646281,27.82699688329858,74.73913271273918,27.72966663213784,78.0815782353535,27.60684080704922,80.34997740588229,27.47080859894854,82.40128532660432,27.33062588223957,84.37800357649822,27.19235682729587,86.31186778211435,27.05976865599397,88.21478460220824,26.93499868147374,90.09296094616923,26.81907947393707,91.9498306197022
27.85104811356918,19.46398703533733,27.93925020369167,41.4767752106312,27.94859508456455,65.74344687583476,27.90819994260777,74.89694434664234,27.82767083813641,78.27496591761175,27.72092015325535,80.57594246026727,27.59985654430323,82.65691851855333,27.47314432066402,84.65963495434157,27.34661954854882,86.61532345371435,27.22398822385678,88.53577124920243,27.10744923797139,90.42736537361962,26.99817215139623,92.29390839399257
27.85999761116856,19.46986199177514,27.97557124105021,41.52292202472058,28.00454543964345,65.84461948105211,27.98032115168151,75.03833824159602,27.91524663962231,78.44978030375012,27.82354269553068,80.78223028691545,27.71677618188743,82.89283211424903,27.60323423518657,84.92259042262813,27.48850582717174,86.90217626707128,27.37619291993965,88.84313385307517,27.2685013572104,90.75187039254446,27.16668061117376,92.63238661296624
27.86779652565349,19.47498299081921,28.0074035421761,41.56347637990977,28.05384142609061,65.93422567156827,28.04417644441956,75.16444556177827,27.99319443132159,78.60686572643353,27.91541220593493,80.96913766356633,27.82209542414721,83.10852001582131,27.72117850189172,85.1653302216734,27.61800004377873,87.16966497175652,27.51603288588522,89.1327535713271,27.41745211154814,91.06091567580479,27.32354453232792,92.95822697146235
27.87459102626171,19.47944548336078,28.03526837711792,41.59905947319221,28.09718724122525,66.01336555666724,28.10055964343995,75.27648204365067,28.06233390695767,78.74730870597037,27.99730858531239,81.13741288145047,27.91648752727251,83.30418290641127,27.82748210537549,85.38731029028455,27.73538766955622,87.41633133379652,27.64353572146809,89.40212519042588,27.55404598572092,91.3508553553703,27.4682119357005,93.26658646891494
27.88050914017002,19.48333315526874,28.0596347562152,41.63023781270748,28.13523446642721,66.08309332450936,28.1502274274645,75.37568685629078,28.12347667758496,78.87233372543936,28.07004640294928,81.28810126565513,28.00071514687098,83.48051921695401,27.92280285759253,85.58871864991963,27.84117517358395,87.64170623786679,27.75901909450798,89.65000084822539,27.6783842489688,91.61956981054603,27.60054952613071,93.55440916602761
27.88566289955032,19.48671929902885,28.08092253961829,41.65752415384588,28.16858001343374,66.1444009484061,28.1938896570501,75.46327927213478,28.17740667854137,78.98322565572742,28.13444339803726,81.42242607704026,28.0755858378998,83.63855902232601,28.00789395525448,85.77025985014963,27.93602081243911,87.84604555524965,27.86301182707991,89.87608116646484,27.79083899346347,91.86611821364127,27.72075263797467,93.82004784908648
