waveVsWave(?x (OP("/M0" "gm") / (- OP("/M0" "ids"))) ?y (OP("/M0" "gm") / 6.2831 / OP("/M0" "cgg"))) (L=1.2e-07) X,waveVsWave(?x (OP("/M0" "gm") / (- OP("/M0" "ids"))) ?y (OP("/M0" "gm") / 6.2831 / OP("/M0" "cgg"))) (L=1.2e-07) Y,waveVsWave(?x (OP("/M0" "gm") / (- OP("/M0" "ids"))) ?y (OP("/M0" "gm") / 6.2831 / OP("/M0" "cgg"))) (L=1.02e-06) X,waveVsWave(?x (OP("/M0" "gm") / (- OP("/M0" "ids"))) ?y (OP("/M0" "gm") / 6.2831 / OP("/M0" "cgg"))) (L=1.02e-06) Y,waveVsWave(?x (OP("/M0" "gm") / (- OP("/M0" "ids"))) ?y (OP("/M0" "gm") / 6.2831 / OP("/M0" "cgg"))) (L=1.12e-06) X,waveVsWave(?x (OP("/M0" "gm") / (- OP("/M0" "ids"))) ?y (OP("/M0" "gm") / 6.2831 / OP("/M0" "cgg"))) (L=1.12e-06) Y,waveVsWave(?x (OP("/M0" "gm") / (- OP("/M0" "ids"))) ?y (OP("/M0" "gm") / 6.2831 / OP("/M0" "cgg"))) (L=2.2e-07) X,waveVsWave(?x (OP("/M0" "gm") / (- OP("/M0" "ids"))) ?y (OP("/M0" "gm") / 6.2831 / OP("/M0" "cgg"))) (L=2.2e-07) Y,waveVsWave(?x (OP("/M0" "gm") / (- OP("/M0" "ids"))) ?y (OP("/M0" "gm") / 6.2831 / OP("/M0" "cgg"))) (L=3.2e-07) X,waveVsWave(?x (OP("/M0" "gm") / (- OP("/M0" "ids"))) ?y (OP("/M0" "gm") / 6.2831 / OP("/M0" "cgg"))) (L=3.2e-07) Y,waveVsWave(?x (OP("/M0" "gm") / (- OP("/M0" "ids"))) ?y (OP("/M0" "gm") / 6.2831 / OP("/M0" "cgg"))) (L=4.2e-07) X,waveVsWave(?x (OP("/M0" "gm") / (- OP("/M0" "ids"))) ?y (OP("/M0" "gm") / 6.2831 / OP("/M0" "cgg"))) (L=4.2e-07) Y,waveVsWave(?x (OP("/M0" "gm") / (- OP("/M0" "ids"))) ?y (OP("/M0" "gm") / 6.2831 / OP("/M0" "cgg"))) (L=5.2e-07) X,waveVsWave(?x (OP("/M0" "gm") / (- OP("/M0" "ids"))) ?y (OP("/M0" "gm") / 6.2831 / OP("/M0" "cgg"))) (L=5.2e-07) Y,waveVsWave(?x (OP("/M0" "gm") / (- OP("/M0" "ids"))) ?y (OP("/M0" "gm") / 6.2831 / OP("/M0" "cgg"))) (L=6.2e-07) X,waveVsWave(?x (OP("/M0" "gm") / (- OP("/M0" "ids"))) ?y (OP("/M0" "gm") / 6.2831 / OP("/M0" "cgg"))) (L=6.2e-07) Y,waveVsWave(?x (OP("/M0" "gm") / (- OP("/M0" "ids"))) ?y (OP("/M0" "gm") / 6.2831 / OP("/M0" "cgg"))) (L=7.2e-07) X,waveVsWave(?x (OP("/M0" "gm") / (- OP("/M0" "ids"))) ?y (OP("/M0" "gm") / 6.2831 / OP("/M0" "cgg"))) (L=7.2e-07) Y,waveVsWave(?x (OP("/M0" "gm") / (- OP("/M0" "ids"))) ?y (OP("/M0" "gm") / 6.2831 / OP("/M0" "cgg"))) (L=8.2e-07) X,waveVsWave(?x (OP("/M0" "gm") / (- OP("/M0" "ids"))) ?y (OP("/M0" "gm") / 6.2831 / OP("/M0" "cgg"))) (L=8.2e-07) Y,waveVsWave(?x (OP("/M0" "gm") / (- OP("/M0" "ids"))) ?y (OP("/M0" "gm") / 6.2831 / OP("/M0" "cgg"))) (L=9.2e-07) X,waveVsWave(?x (OP("/M0" "gm") / (- OP("/M0" "ids"))) ?y (OP("/M0" "gm") / 6.2831 / OP("/M0" "cgg"))) (L=9.2e-07) Y
1.207410367326424,9097667283.786705,0.9083256737490789,162947693.178168,0.9048348411616509,135685582.6958708,1.048902836207721,3045066716.894024,0.9928076607095989,1515324901.836086,0.9636268057440954,905559792.3578455,0.9456401023310338,601903782.9064531,0.9334151137186291,428964937.8964062,0.9245565117497043,321165744.7141458,0.9178391427294017,249452823.9662499,0.9125696715748567,199340741.4060061
1.227292138099998,9140553941.731697,0.9212045834320212,163792267.4454636,0.9176450391292233,136390191.664833,1.064789171114174,3059878818.341784,1.007436252446,1522856012.428111,0.9776319067879025,910120897.4005294,0.9592710714024129,604962547.2445418,0.9467961416352709,431158648.2786046,0.9377585942178952,322815877.5799752,0.9309067399369022,250739120.4995561,0.925532497907449,200371566.9504308
1.247785384963208,9184095370.886602,0.9343983190625748,164644610.6917314,0.9307674958554613,137101234.2077101,1.081109720373649,3074869179.950738,1.022447521721996,1530468948.117079,0.9919949726556492,914728874.8446041,0.9732454552427295,608051660.3558458,0.9605109841057039,433373602.378235,0.9512876781045567,324481707.4023937,0.9442962516033476,252037486.1392048,0.9388132956926158,201411959.564961
1.268917486713863,9228308008.168516,0.9479180925920571,165504859.7955573,0.9442133007274882,137818822.360245,1.097881750759034,3090041979.489909,1.037856039522954,1538165472.473115,1.006729324904178,919384678.9886947,0.9875758535012787,611171715.4705741,0.9745717701775385,435610202.9051996,0.96515556128498,326163524.6730925,0.9580192298761725,253348139.9382323,0.9524234275223831,202462090.1164783
1.290717472714886,9273208915.542759,0.961775648268448,166373157.2722575,0.9579940681056467,138543072.7280515,1.11512344766205,3105401598.10951,1.053677117826561,1545947432.395352,1.021848946721383,924089307.7680382,1.002275482519928,614323332.2272209,0.9889912166713776,437868870.1131835,0.9793746092381648,327861632.3156273,0.9720877796399631,254671310.184973,0.9663747973161849,203522136.5850442
1.313216149864183,9318815783.829155,0.975983294528277,167249651.6778242,0.9721219686831559,139274106.8133985,1.132853977099124,3120952634.207371,1.069926857303433,1553816764.13176,1.037368524476567,928843805.9320679,1.017358213473939,617507158.5944225,1.003782664157019,440150043.0716599,0.9939577895275448,329576346.5840613,0.9865145919025475,256007235.0700078,0.9806798828713317,204592284.5761397
1.336446241527565,9365146929.83497,0.9905539382164399,168134498.050551,0.9866097631277332,140012051.3724867,1.151093552840961,3136699918.232108,1.086622198770576,1561775499.796155,1.053303492456542,933649268.4972365,1.032838613390855,620723872.9622041,1.018960115615056,442454181.0525879,1.008918708835281,331307998.0430064,1.001312979638835,257356163.4116838,0.9953517707984886,205672727.8781013
1.360442539763966,9412221285.119648,1.005501121335854,169027858.3918994,1.001470838202473,140757038.8045723,1.169863509169176,3152648528.450376,1.103780978748883,1569825774.421103,1.069670081077955,938506844.4995829,1.048731989305649,623974186.4187955,1.03453827802214,444781765.0413269,1.024271652774876,333056932.6360776,1.016496916307421,258718355.4482175,1.010404194049817,206763669.0708369
1.385242072340333,9460058374.399694,1.020839060549203,169929902.1921589,1.016719245583095,141509207.577401,1.189186379820483,3168803807.694676,1.121421989513972,1577969833.587011,1.086485368897128,943417741.073406,1.065054435837294,627258845.230325,1.050532607122776,447133299.3839449,1.040031628729904,334823512.8515654,1.032081077276849,260094083.7021084,1.025851572268468,207865320.19033
1.410884286224998,9508678281.271467,1.036582689677742,170840807.0047852,1.032369743610777,142268702.6921432,1.209085983743358,3185171381.093541,1.139565044072486,1586210041.66904,1.103767338773036,948383227.8842717,1.081822886501999,630578633.5421492,1.066959355677968,449509313.5839704,1.056214411992261,336608118.9948058,1.048080884422817,261483633.9241551,1.041709055211513,208977903.4546027
1.437411249466779,9558101598.566692,1.052747705467435,171760759.0744221,1.048437842244443,143035676.1919166,1.229587518364884,3201757174.766195,1.158231046544008,1594548890.744004,1.121534938577818,953404641.9464827,1.099055169112027,633934376.3221513,1.083835625511727,451910364.2628272,1.072836595502126,338411150.5776599,1.064512554184865,262887306.1249533,1.057992569524644,210101652.057285
1.464867873616498,9608349360.265083,1.069350616921032,172689954.0240222,1.064939851503933,143810287.718322,1.250717661147666,3218567435.437947,1.177442068482952,1602989010.199389,1.139808146892441,958483392.8568659,1.116770065646865,637326942.5679121,1.101179423710832,454337037.2994115,1.089915643523833,340233027.8364492,1.08139314940157,264305415.7025056,1.074718869176154,211236811.035542
1.493302159132721,9659442951.476269,1.086408798526344,173628597.6070138,1.081892933726292,144592705.120862,1.272504680309814,3235608750.899016,1.197221431735719,1611533177.085462,1.158608044173999,963620968.4784644,1.134987377025843,640757248.8013045,1.11900972337184,456789950.1656434,1.107469949627911,342074193.3907592,1.098740635277396,265738294.6754,1.091905589890491,212383638.2197729
1.522765466539834,9711403992.58214,1.103940547746462,174576906.5310536,1.099315159991897,145383105.1246069,1.294978555686435,3252888071.186656,1.217593798497244,1620184327.248771,1.177956889935942,968818941.1090217,1.153727993259027,644226262.8756757,1.137346529332548,459269754.4761152,1.125518899389855,343935114.056599,1.116573939872609,267186293.0318855,1.109571307958405,213542405.2732087
1.553312816480271,9764254193.216639,1.121965147177434,175535109.3605319,1.117225571115849,146181674.0619949,1.318171110830697,3270412730.315817,1.238585269308799,1628945567.281002,1.197878206544347,974078974.1702467,1.173013969506776,647735008.1223494,1.156210949373813,461777138.7714233,1.14408293826153,345816282.8285544,1.134913019550622,268649780.206116,1.127735603841795,214713398.8302954
1.585003222231354,9818015171.376371,1.140502931823626,176503447.5056774,1.135644243643497,146988608.67523,1.342116157588484,3288190468.315443,1.260223489826839,1637820187.310215,1.218396870303186,979402829.4542662,1.192868608638837,651284567.8646591,1.175625271432407,464312831.5561463,1.163183645122097,347718221.046779,1.153778929865398,270129146.693808,1.146419131037693,215896921.7435656
1.617900058748885,9872708232.632133,1.159575361991181,177482176.3068249,1.15459236133768,147804116.9963403,1.366849654535134,3306229453.241651,1.282537767292191,1646811674.651562,1.239539210580262,984792374.9634267,1.213316550951905,654876090.3289511,1.195613047427188,466877604.6138015,1.182843812072697,349641480.7658694,1.173193902425863,271624805.8205938,1.165643690717772,217093294.4495586
1.652071472864612,9928354104.187946,1.179205102356567,178471566.2231797,1.174092292700355,148628419.3126276,1.392409880838766,3324538302.733531,1.305559197741837,1655923728.320642,1.261333117814717,990249593.3782494,1.23438387178164,658510793.9829755,1.216199184370586,469472276.6224346,1.203087531103876,351586647.3438952,1.193181428335454,273137195.6773987,1.185432312718403,218302856.4652514
1.687590839913891,9984972618.455078,1.199416107830943,179471904.1361987,1.194167675132997,149461749.2259019,1.418837627315256,3343126104.546811,1.329320805133582,1665160274.393639,1.283808161347904,995776591.1856434,1.25609818783208,662189973.332579,1.237410043515938,472097717.0956228,1.223940288337706,353554342.271031,1.213766348873992,274666781.2382428,1.205809343522279,219525968.0273803
1.724537272816772,10042582340.92898,1.220233716912956,180483494.7785361,1.214843506410119,150304354.81463,1.446176406668797,3362002435.341391,1.353857693699582,1674525482.173072,1.306995718133954,1001375608.494905,1.278488773143947,665915005.2074459,1.259273548380179,474754850.6745852,1.245429066629128,355545226.2583397,1.234974954167017,276214056.676911,1.226800541947205,220763011.8879723
1.762996190495154,10101200137.53261,1.241684753303911,181506662.3003229,1.236146244219025,151156499.9088424,1.474472685173492,3381177376.805356,1.379207215010397,1684023781.084716,1.330929113516247,1007049029.562064,1.301586685735059,669687355.5656317,1.281819302582051,477444661.7976323,1.267582457404382,357560002.6081962,1.256835090675878,277779547.8999241,1.24843318334197,222014395.280334
1.803059953498281,10160840677.27719,1.263797636651125,182541751.9853689,1.258103914608174,152018465.4883935,1.503776138350448,3400661527.964959,1.40540915141992,1693659878.187925,1.355643775403771,1012799394.033037,1.325424906072754,673508586.84439,1.305078718550208,480168199.7732399,1.290430782720183,359599420.8885467,1.279376278441757,279363815.3141241,1.270736173184525,223280552.0706111
1.844828575848378,10221515867.13745,1.286602503389467,183589132.1306435,1.280746230287485,152890551.2158769,1.534139933537274,3420466012.250937,1.432505917776938,1703438776.126197,1.381177403349378,1018629408.901962,1.35003848868234,677380365.8809825,1.329085158285105,482926584.2823007,1.314006228647353,361664280.9335741,1.302629839129891,280967456.8478902,1.29374017108585,224561945.1108278
1.888410523430682,10283234217.46741,1.31013133876917,184649196.1030805,1.30410471983844,153773077.1161835,1.565621042639214,3440602477.560533,1.460542783534752,1713365791.274008,1.407570154223471,1024541961.161843,1.375464728359382,681304472.4212428,1.35387408750594,485721011.333474,1.338342991218773,363755437.1931629,1.326629036048792,282591111.2454294,1.317477726325433,225859068.8099433
1.933923610763146,10346000138.08058,1.334418121292072,185722364.5882979,1.328212869021796,154666385.4152658,1.598280588801304,3461083087.165043,1.489568117671345,1723446571.746784,1.434864846395058,1030540131.098967,1.401743342640322,685282808.2250029,1.3794832446814,488552759.6925284,1.363477436336592,365873803.4527423,1.351409227465174,284235461.6536242,1.341983426183632,227172451.939873
1.981496009719944,10409813167.2105,1.359498980930916,186809088.0461536,1.353106275518482,155570842.5511324,1.632184231257718,3481920498.859681,1.519633659154025,1733687114.828895,1.463107184581488,1036627206.148635,1.428916672398716,689317406.7653362,1.405952826633951,491423197.8018579,1.38944827520993,368020357.9432809,1.377008034701412,285901239.5204024,1.367294058494502,228502660.6934751
2.031267385781772,10474667137.79275,1.385412372679845,187909849.3880794,1.37882281860723,156486841.3703232,1.667402593208291,3503127829.231115,1.55079481605077,1744093783.235471,1.492346007813342,1042806695.185683,1.457029902677344,693410443.5018069,1.433325692625103,494333791.1992948,1.416296757095352,370196148.8581325,1.403465526691453,287589228.8223129,1.393448790023069,229850302.0111084
2.083390179680352,10540549287.59262,1.412199267181907,189025166.8907192,1.405402845474102,157414803.523059,1.70401173825516,3524718599.327484,1.583110996812705,1754673319.451597,1.522633563287125,1049082343.066302,1.48613130614411,697564246.685437,1.461647589077694,497286110.4353562,1.444066881341786,372402300.2886908,1.430824422886947,289300270.6367058,1.420489362476552,231216027.1912757
2.13803105493217,10607439321.22684,1.43990336040497,190155597.3593605,1.432889376067263,158355182.0697599,1.742093701718177,3546706657.356925,1.616645977736696,1765432857.181532,1.554025809252192,1055458145.165007,1.516272511877306,701781308.6232364,1.490967397375425,500281839.4741791,1.472805631003518,374640018.5838326,1.459130316651493,291035268.070218,1.44846030819364,232600535.7989264
2.195372534756382,10675308432.51498,1.468571304595017,191301739.5528086,1.461328328659826,159308464.3105473,1.781737084052327,3569106073.322222,1.651468311173617,1776379928.683302,1.586582750506825,1061938361.558319,1.547508802549626,706064297.2910264,1.521337407505011,503322784.5446028,1.50256323058453,376910599.1282768,1.488431921562544,292795191.5498229,1.477409187823927,234004579.8818181
2.255614855281794,10744118294.09697,1.49825296303031,192464237.878392,1.490768768568469,160275174.8474653,1.823037714632199,3591930999.735791,1.687651779687564,1787522466.453537,1.620368810570173,1068527530.390645,1.579899443497382,710416068.1325743,1.552813620678768,506410883.3827676,1.533393430820351,379215433.5213945,1.51878134336244,294581084.4748328,1.507386852616153,235428968.5006131
2.31897806580058,10813820016.96339,1.529001691437002,193643786.3613714,1.521263182801647,161255878.8862126,1.866099395368222,3615195491.776739,1.725275902107117,1798868797.355387,1.655453245161645,1075230479.812719,1.613508047639844,714839675.817842,1.585456084502463,509548214.7745039,1.565353823796615,381556017.1196468,1.550234380668971,296394069.2173426,1.538447734284744,236874572.571561
2.385704411143584,10884353074.4372,1.560874649312947,194841132.8866908,1.552867783784684,162251185.7798184,1.911034735001153,3638913279.488107,1.764426498256586,1810427626.841321,1.691910602268643,1082052337.702847,1.648402980763265,719338385.6500033,1.619329264743295,512737008.2626349,1.59850619215415,383933956.8813086,1.582850857978726,298235353.4437326,1.570650165826438,238342330.0111132
2.456061036033549,10955644172.14357,1.593933144849278,196057083.7021572,1.585642845737244,163261752.8104839,1.957966086511647,3663097483.921906,1.805196320129988,1822208010.405717,1.729821234830287,1088998538.159367,1.684657812315559,723915684.2056155,1.654502458315603,515979653.8285249,1.63291689664784,386350979.4198783,1.616694994981647,300106236.7098614,1.604056737119922,239833251.1587846
2.530343056481879,11027606026.57175,1.628243017647685,197292508.1600424,1.619653077770026,164288289.1971728,2.007026601910866,3687760268.591746,1.847685758393093,1834219308.804228,1.769271872924221,1096074823.481587,1.722351817583955,728575288.660031,1.691050252748781,519278711.2856594,1.668657306920788,388808939.1304729,1.651835816762445,302008117.2561234,1.638734689671115,241348424.4370584
2.608877048833456,11100135989.07622,1.663875064015057,198548343.6578054,1.654968038331802,165331560.3047589,2.058361420778918,3712912417.275711,1.892003634391202,1846471122.896518,1.810356263332726,1103287240.027852,1.761570537963451,733321154.0850075,1.729053038145664,522636919.0319893,1.705804281038583,391309826.1990466,1.688347610104898,303942498.893827,1.674756355475138,242889022.1838278
2.692025012737425,11173114418.93578,1.700905510288301,199825600.7169699,1.691662596286454,166392392.0147009,2.112129011325932,3738562829.224942,1.938268089327835,1858973203.209563,1.853175885503265,1110642125.945123,1.802406406985641,738157477.8010156,1.768597578495573,526057201.6926808,1.744440700114348,393855774.2344259,1.72631043185134,305910997.8292099,1.712199645665516,244456306.5622173
2.780188869781133,11246402668.03328,1.739416540413947,201125368.1106635,1.729817444645362,167471675.196186,2.168502685502695,3764717923.280774,1.98660758399011,1871735328.491889,1.897840754229367,1118146088.296317,1.844959450884458,743088699.6153831,1.809777650191115,529542676.0405408,1.784656065259512,396449067.1741222,1.765810676116801,307915349.2131916,1.751148595425752,246051635.4126751
2.873815564185139,11319840490.76593,1.779496884895108,202448817.9131013,1.769519673838443,168570370.1890035,2.22767231282082,3791380943.377665,2.03716202436146,1884767146.657259,1.944470320885985,1125805966.56321,1.889338073749474,748119496.4713132,1.852694756731653,533096654.4015218,1.826547165136026,399092145.0023158,1.806941708132161,309957413.1304352,1.79169397256431,247676467.8605442
2.973402834875234,11393242636.05014,1.821242479240257,203797210.2960935,1.810863412394365,169689511.1733114,2.28984626108892,3818551159.464202,2.090084030714916,1898077970.635771,1.993194486787013,1133628778.869753,1.935659938783158,753254769.6634747,1.897458929900895,536722644.5304831,1.870218823583448,401787607.6769775,1.849804573612527,312039179.6465265,1.83393395821945,249332369.4259633
3.079505727936632,11466394313.82967,1.864757201224234,205171897.8356885,1.853950544036515,170830210.2547039,2.355253596255402,3846222959.988278,2.145540370355724,1911676520.815585,2.044154744222637,1141621646.553801,1.98405295886335,758499622.3353658,1.944189629206651,540424344.6700886,1.915784738172347,404538216.4868678,1.894508793838062,314162772.4124762,1.877974909386485,251021016.2983574
3.192743912623053,11539045156.14352,1.910153697624621,206574329.012961,1.898891511508344,171993661.0328976,2.424146577976409,3874384834.615369,2.20371357711559,1925570605.043368,2.09750546301367,1149791691.922067,2.0346564115462,763859324.4551338,1.99301675309489,544205632.1753463,1.963368422119612,407346891.8412,1.941173258119,316330450.1758651,1.923932214370225,252744198.3306677
3.313809849259349,11610901211.88767,1.957554312651771,208006050.492671,1.945806218944468,173181141.3456197,2.496803492374325,3903018248.442614,2.264803784024886,1939766726.650762,2.15341534302322,1158145903.171237,2.087622195860372,769339261.8657814,2.044081777428405,548070543.6898979,2.013104263820384,410216706.2277254,1.989927227022279,318544605.3616273,1.971931253886251,254503820.1738797
3.443477828343281,11681614423.73646,2.007092132076287,209468707.6373322,1.994825046329934,174394014.7820064,2.573531868641558,3932096411.043892,2.329030799328171,1954269610.798609,2.212069056026896,1166690959.579279,2.143116250774044,774944865.3231062,2.09753903898476,552023244.3907672,2.065138720336298,413150870.7511252,2.040911461693665,320807758.6558177,2.022108482394829,256301899.804555
3.582613849290338,11750768933.99564,2.058912159104367,210964042.5566744,2.046089991569197,175633730.4374031,2.654672131515882,3961582944.327753,2.396636460172332,1969081639.69734,2.273669103690755,1175433009.21383,2.201320158095268,780681514.6777461,2.153557184312262,556067983.2710861,2.119631663563401,416152713.2754533,2.0942794968487,323122548.2455007,2.074612646382263,258140563.4905932
3.732186223605479,11817863453.24759,2.113172640390987,212493888.7975065,2.099755957950441,176901820.2286566,2.74060174691546,3991430451.162286,2.467887302867974,1984202188.072943,2.338437922162238,1184377390.638556,2.262432955823312,786554412.5442499,2.212320807218522,560209030.8047129,2.176757900518016,419225645.7357997,2.15019907756067,325491712.0298391,2.129606158738409,260022035.9864587
3.893276655469105,11882288804.91872,2.170046563245774,214060161.5400905,2.155992207371903,178199892.8999498,2.831739922676947,4021578980.441438,2.543077593540942,1999626851.656332,2.406620267946561,1193528289.514338,2.326673191624843,792568420.9620246,2.274032301481415,564450594.6383721,2.236708892255632,422373117.651741,2.20885378287573,327918060.7151908,2.187266651148176,261948624.4417582
4.067091352186181,11943299642.00877,2.229723348106595,215664841.8778688,2.214984002625887,179529623.6178478,2.928552929579503,4051954371.918032,2.622532768116014,2015346563.432949,2.478485924292011,1202888320.698521,2.394281250169175,798727853.7401131,2.338913959084794,568796708.201535,2.299694699400091,425598552.2696906,2.270444862561515,330404439.2360831,2.247788729547915,263922694.1401218
4.25497142167664,11999979247.19183,2.292410763754751,217309953.4119538,2.276934465338101,180892737.7744157,3.031560108376037,4082466443.82405,2.706613335656609,2031346594.684988,2.554332772164554,1212458026.558357,2.465521992497359,805036216.4601135,2.407210348389844,573251086.3404077,2.365946186118618,428905261.0912216,2.335193316962624,332953673.4037232,2.311385961215497,265946633.754436
4.458401394870898,12051196332.01499,2.358337096534053,218997528.9862775,2.342066679849225,182290987.2838977,3.141340624395595,4113006956.343685,2.795719303690244,2047605440.029538,2.634490274895615,1222235282.835888,2.540687750349196,811495885.5800934,2.479191011124407,577816941.3157406,2.435717518618927,432296331.8288139,2.403342253992681,335568498.079633,2.378293125971452,268022807.308603
4.679014141856388,12095552952.83543,2.427753609001075,220729564.9231465,2.410626077396046,183726117.2683624,3.25854101937745,4143447243.217198,2.890295187569392,2064093586.913973,2.719323430449414,1232214604.581431,2.62010172328172,818107717.8437014,2.555153521820045,582496751.8200674,2.509288998813978,435774484.1021974,2.475159561704042,338251462.5186096,2.44876876824593,270153489.4797778
4.918589726472701,12131323247.03144,2.500937327923894,222507959.5972681,2.482883139359371,185199820.581449,3.383883585958333,4173635351.797221,2.990835667021212,2080772169.199837,2.809237249492335,1242386346.356392,2.704121831212851,824870581.361909,2.635426958178192,587291977.1535938,2.586970278578657,439341886.4980041,2.550940939555097,341004807.8495307,2.523098091346299,272340780.2715666
5.179044912679774,12156383960.85169,2.578194206245592,224334432.6225128,2.559136462997427,186713677.1233445,3.518175546857964,4203392469.575024,3.097891950065187,2097591499.980559,2.904681820267752,1252735792.859602,2.793145079257477,831780800.3852218,2.720375835496865,592202708.4496113,2.669104004787655,442999928.0325271,2.631013336268953,343830311.0073499,2.601596240003704,274586494.4627357
5.462409255567548,12168140118.96787,2.659862708320553,226210420.3447781,2.639716237786491,188269074.3695225,3.662318948400573,4232508344.791056,3.212078894724931,2114489468.759866,3.00615802143844,1263242137.858251,2.887612494645989,838831506.9410522,2.810404562226009,597227248.961973,2.756069949690753,446748936.6692582,2.715738846740523,346729088.8559461,2.684612021930085,276892020.6273191
5.770783329608816,12163453196.9844,2.746317872041765,228136942.7757712,2.72498818491425,189867104.9974109,3.817321062512211,4260735334.26082,3.334082918352038,2131389770.593752,3.114223939621485,1273877349.966339,2.988014695948067,846011894.0659428,2.905962476115926,602361615.9965124,2.848289684518613,450587837.4463171,2.805519124289564,349701355.8276196,2.772532123249453,279258143.9874526
6.106275286337439,12138585230.21023,2.83797590479116,230114436.6222572,2.815358016064568,191508436.990303,3.984304913423411,4287780639.470247,3.464670686852608,2148199908.065013,3.22950203635682,1284604922.185121,3.094898150936868,853306367.0031688,3.007549519976761,607598958.0961895,2.946231855510702,454513743.0517805,2.900800366850338,352746128.2407266,2.865785875575632,281684826.9732463
6.470914476423019,12089180294.93586,2.935299371480218,232142548.7344292,2.911276469512293,193193151.1834176,4.164519279735037,4313296232.873952,3.604698512795639,2164808870.096743,3.352687085283195,1295378496.621689,3.208872168423891,860693589.8660811,3.115722610764546,612928882.4603984,3.050418119243344,458521470.3937394,3.002078935134466,355860868.62801,2.964850633079653,284170941.2086458
6.866546199066035,12010313209.72306,3.038803030771367,234219884.1953397,3.013244980326429,194920540.9633034,4.35934713897362,4336865948.129416,3.755122289601271,2181084345.141734,3.484554857772753,1306140344.661778,3.330616647061285,868145424.9461262,3.231102742485883,618336688.9763086,3.161429785794572,462602977.8028885,3.109907655395392,359041063.9687068,3.070257814392069,286713944.7989126
7.294719895683188,11896640210.4345,3.149060367527265,236343703.4737208,3.121822035024291,196688868.8142064,4.570310989617092,4357989242.284792,3.917007631136213,2196869272.95156,3.625971464634555,1316819664.470117,3.460890564199406,875625758.7929671,3.354382837670865,623802508.0774815,3.279915200260349,466746718.7809404,3.224902846105585,362279732.6465515,3.182599653971645,289309499.3140592
7.75659246285723,11742681197.21689,3.266710852061396,238509563.6039957,3.237630246085374,198495074.6865184,4.799072786568763,4376061289.903089,4.091539648667077,2211977484.870615,3.77790314913736,1327330631.119056,3.600541121292622,883089201.9198225,3.486336317105871,629300339.0256398,3.406597859987396,470936909.2497671,3.347752082049183,365566856.1008396,3.302536686651498,291951021.7222577
8.252874035725917,11543240950.48994,3.392467924544195,240710899.2047635,3.361364153467745,200334431.7645538,5.047425382179629,4390349431.401469,4.28003145129385,2226188137.944584,3.941426153789207,1337570100.51323,3.750513356069927,890479636.0945091,3.627826283279002,634796981.9722344,3.542285208621232,475152705.3796921,3.479222664261025,368888732.1545821,3.430805951518481,294629167.5836973
8.783838759877758,11293935993.80235,3.527127648145781,242938540.1433003,3.493798711516681,202200146.0740474,5.317271490547447,4399966714.736272,4.483929970484972,2239238630.474507,4.117736025471512,1347414829.767622,3.91185986774651,897728563.9261833,3.779815095580947,640250850.0585308,3.687877957191332,479367287.351552,3.6201706900777,372227247.3179263,3.56822983842746,297331242.749275
9.3494032664887,10991745843.01688,3.671577885926452,245180163.4780654,3.635798340056636,204082897.3105102,5.610585578325693,4403844539.325426,4.704817060539228,2250815724.073656,4.308155350955405,1356718040.929636,4.085750056187063,904753190.6184745,3.94337393553121,645610635.9552195,3.84437964087744,483546839.8126071,3.771550500363497,375559064.1971435,3.715725399902133,300040541.1004444
9.949244998575665,10635476881.24219,3.826807718341676,247419677.4768432,3.788326293380193,205970318.9556514,5.929354301896934,4400708449.104469,4.944403021379419,2260544734.441876,4.514138397000054,1365305134.798708,4.273477920044469,911454140.7877132,4.119691693145497,650813790.767557,4.01290590616388,487649411.5623766,3.934424101601601,378854716.6605803,3.874313795694139,302735604.8451981
10.5829059345923,10226038423.93967,3.993916609208047,249636534.4488463,3.952453910324913,207846415.7300168,6.275493076471112,4389064032.201532,5.204508809611195,2267976958.400454,4.737270446808006,1372968378.297944,4.476466961730473,917712691.8220236,4.310082121116954,655784754.3735561,4.194692709419908,491623625.3018857,4.109969894039956,382077599.1072602,4.04512930392101,305389400.915866
11.24982163639132,9766486050.771769,4.174122521017019,251804966.4480717,4.129369026856394,209690915.2824813,6.650741209974979,4367203379.966524,5.487032480392158,2272576074.930663,4.979258796063585,1379460475.396985,4.696270086925642,923387403.2477005,4.515987671775846,660432860.7594566,4.391102163680615,495407195.1492956,4.299489653586235,385182827.5002993,4.229426993023395,307968401.9086879
11.94923653157836,9261858974.104008,4.368767744759117,253893133.8638685,4.320382429194837,211478548.6790925,7.056546507455512,4333245518.364682,5.79389532401473,2273705208.197868,5.241911504243443,1384487136.58406,4.934561574869364,928310061.4134871,4.738977735839044,664649840.7784344,4.603624168861277,498925200.3690663,4.504412184658139,388115941.1744673,4.428587671875324,310431553.7261714
12.68000272644557,8718886489.750242,4.579320617552775,255862173.2230971,4.526930671248902,213178251.617594,7.49396140618926,4285224319.971283,6.126964564388913,2270617756.867299,5.527099369683625,1387699150.717397,5.193117325245731,932280973.9784825,4.9807381663306,668306876.2687062,4.833871197968498,502088068.5890254,4.726291366572077,390811411.5053095,4.644118097405297,312729107.7842292
13.44029284744117,8145642185.844378,4.807370547225037,257665131.4335279,4.750572861465661,214752278.0903855,7.963582259799035,4221231409.869317,6.48795351451587,2262456913.313234,5.836696771240063,1388685108.306841,5.47377891074349,935063884.5681388,5.243048115834704,671251250.9212317,5.083562745290801,504789257.5176441,4.966795481482754,393190936.8672345,4.877643625381624,314801299.9853472
14.22727576492327,7551192721.816941,5.054612898560841,259245787.2198827,4.992978175073021,216155226.1090383,8.465563395422841,4139607259.860679,6.878307748841286,2248270591.672115,6.172498920501111,1386966870.079492,5.778397003171222,936381186.3038325,5.52773964362824,673302830.850117,5.354495158394083,506902715.3072265,5.227683856864532,395161549.5998678,5.130889619146236,316576883.1378879
15.03680820528227,6945246856.758998,5.322819497778686,260537399.3554054,5.255900008216631,217333000.6654378,8.999719988655091,4039153227.267091,7.299096909687119,2227049218.113468,6.53611788666702,1382001047.113601,6.108751379799035,935910729.9480011,5.836635860152322,674250930.3892987,5.648492291296209,508280376.7999319,5.510766282834224,396613662.8252342,5.405647210849505,317971581.1370862
15.86319277485326,6337782900.741772,5.613790182113675,261461502.3845836,5.541132200787318,218221795.9159258,9.565698587151854,3919319778.217141,7.750942972081482,2197791849.602398,6.928868383082046,1373190827.57828,6.466449142205014,933286315.5094112,6.171465541686423,673852597.6092631,5.967333390391421,508750244.0746312,5.817840974292377,397419368.2100437,5.703718925730554,318886652.9549063
16.69905032210784,5738628568.976985,5.929281702173126,261927010.7945195,5.850443271171743,218747281.7169024,10.16315569552613,3780324145.919147,8.234019789506945,2159599795.622076,7.351666022401544,1359912713.882694,6.85281099580578,928104729.6734771,6.533757388281236,671833947.9041427,6.312657978787967,508116007.8412172,6.15060901765221,397431575.5059087,6.026841080543411,319207950.1044027
17.53535329039926,5156984711.821334,6.270913492021811,261830097.2805595,6.185487169019154,218824337.668362,10.79186682196412,3623170488.697603,8.748146259523249,2111786511.089195,7.804971408579378,1341561031.209475,7.268767043823707,919942480.7438494,6.924726254379629,667896704.1010088,6.68585442537059,506159624.0971307,6.510568507537935,396484938.871085,6.376583941563632,318806119.8244166
18.36166339530801,4600916294.705034,6.640056579281428,261055550.1702217,6.547694916563877,218357875.5442334,11.45170546999538,3449578849.47353,9.292962729826858,2053981777.905059,8.288814723524302,1317608547.956403,7.714794898682256,908384455.9904717,7.345175807291566,661732180.789045,7.087949676230365,502648569.1441646,6.898900809819137,394399839.1485399,6.754238496199855,317538891.9905154
19.16660563828967,4076870830.27335,7.037722639214063,259480491.5250138,6.938161415243742,217245462.6385502,12.14247516745266,3261856918.82937,9.868137844713248,1986203924.664246,8.802918192886423,1287674697.342842,8.190936043461557,893063908.2602055,7.79545254850775,653044019.6546561,7.519529979097285,497349291.1533273,7.316373667345191,390990754.5325161,7.16071027197009,315256542.235478
19.93858539334558,3589314942.705603,7.464482806467562,256981263.9717528,7.357554311898765,215382464.336729,12.86362251072755,3062756060.731921,10.47352498633338,1908881347.716714,9.346896492948368,1251586577.052197,8.696911619231905,873708613.1858957,8.275486109339823,641578615.6857584,7.98072975233949,490047227.730239,7.763296569485399,386079815.9152633,7.596452771515112,311811394.6323044
20.66671300214943,3140590169.273335,7.920453942858284,253443739.1127958,7.806081811699086,212670069.2209379,13.61388466463505,2855340410.912744,11.10919487340196,1822821901.310636,9.920472176645749,1209416582.766652,9.232322976668122,850183468.7118285,8.784930939751684,627158686.8807863,8.471318078170929,480571513.6554201,8.239563960185395,379514942.0330785,8.061478131716454,307071350.1584556
21.341843998894,2731064681.837615,8.405383532353925,248776158.8690925,8.283554102998325,209025711.4062546,14.39092801507636,2642876759.489453,11.77531217303907,1729146231.899375,10.52362077473345,1161486898.752347,9.796877803607929,822518271.8196656,9.32338451120004,609712375.1341139,8.990882721738101,468819779.9202132,8.744801944922814,371189857.7276277,8.555470330411499,300935878.9601034
21.95758455400494,2359589087.245442,8.918835602548807,242922180.8951955,8.789549494128689,204394208.4594184,15.19102641179463,2428735706.674579,12.47187452937959,1629208893.915787,11.15657669683661,1108342719.61066,10.39055558544883,790913115.8891116,9.890613362341913,589289896.2147772,9.539066443388247,454776772.763783,9.278593517465254,361061434.6621078,9.077991626467226,293351220.6232129
22.51107152273551,2024161298.506801,9.460434362913688,235870843.9864052,9.323652890110401,198756962.0853081,16.0088195351929,2216287228.777173,13.19836568581231,1524526551.384249,11.81967870165672,1050706349.608319,11.0136378102857,755721675.8342096,10.48669835129808,566063310.2839336,10.11577298621067,438521505.3217993,9.840712527194079,349159537.8780966,9.628726264503381,284320757.2378521
23.00333856170293,1722608097.166113,10.03008260245421,227660579.5335617,9.885690268745433,192136601.1030025,16.83718977273905,2008776139.822698,13.95338168888797,1416721066.691006,12.51308396290869,989427522.8554244,11.66657451867376,717420183.006245,11.11203161569059,540311011.6528887,10.72125712992376,420221449.1857914,10.43127593484116,335586685.2114133,10.20767311920336,273907579.048672
23.43914028761385,1453062545.701187,10.62806623664237,218376334.2274483,10.47586741745787,184595819.7528959,17.66729805659399,1809172018.94185,14.73427991474109,1307474265.586195,13.23640765209978,925440994.6776937,12.3497115783719,676572848.0498544,11.76714915483121,512393548.3256047,11.35605088930844,400116913.4942194,11.05074531834163,320508478.9182345,10.81520555853547,262228961.2582452
23.82622088554513,1214099168.677482,11.2549930652952,208141358.0245294,11.09474922977767,176231264.7871782,18.48881972687841,1620000789.232703,15.53688925422638,1198485111.026878,13.98834635292303,859734749.2125906,13.06293479956149,633802044.1029347,12.45243365316205,482728624.796196,12.02073383097967,378501516.53563,11.69976118109162,304138833.058713,11.45196210607242,249445329.9557357
24.17415091410617,1004551959.170288,11.91157105628489,197106779.6315059,11.74307175573716,167164918.5876773,19.29041359199614,1443178514.053048,16.35531484466421,1091419496.586176,14.76633109578991,793325614.8043633,13.80529060172175,589766295.5589089,13.16774747977741,451770659.5921788,12.71559746431879,355704248.4047493,12.37884548940115,286724799.7942761,12.11858785936695,235747647.4499444
24.49296772891477,823183014.0796607,12.59827581679326,185441976.28604,12.42142925143345,157535658.264711,20.06043461856768,1279879367.802048,17.18187282494656,987846380.5286051,15.56624402460993,727235931.6290171,14.57463016427387,545144315.4653567,13.91205375699731,419996273.8097886,13.44026595734195,332075968.7891231,13.0880334736493,268534298.8463944,12.81538295155486,221346480.0194826
24.7918973236628,668401564.0495944,13.31497064635126,173327370.9603014,13.12989945544473,147492686.9330278,20.78785974540974,1130475750.447295,18.00719503275909,889159728.4533603,16.38222896284471,662465094.3606699,15.36731057908701,500620798.0522748,14.68306844199913,387893849.53104,14.19332511831578,307980196.2444382,13.82649301213117,249847620.0157409,13.54192001670734,206464147.5907054
25.07839308660236,538153167.9963408,14.06053203524157,160949677.2941283,13.86766371191751,137191146.9218639,21.46333977445369,994584838.8315965,18.82054354141898,796492316.9969959,17.20662972847733,599952194.4565496,16.17798121223182,456869487.9391088,15.47697370055551,355953827.5925218,14.97199556612025,283786106.1226113,14.59217388072658,230951587.6243748,14.29667873108452,191329524.0526351
25.35762103670623,429983688.2902708,14.83251618845963,148498530.2766898,14.63266105301947,126789177.10857,22.08022954612749,871238054.9227971,19.61036349811501,710633768.9336554,18.03009567454686,540529519.9694904,16.99948652344417,414530474.0377284,16.2882193668566,324656567.0061759,15.77187663013903,259861097.6792961,15.38151558063695,212134364.9141084,15.07672941125041,176174001.7212875
25.63239628895464,341208245.6426049,15.62689145517037,136163093.8886319,15.42130226389267,116445245.8186214,22.63540429357483,759156345.9711398,20.36507441886091,631970098.2570629,18.84189472369372,484870558.6891908,17.82292313751357,374180914.9887975,17.10944379901637,294455769.2053362,16.58678789177445,236560785.894788,16.18923855185466,193678943.0873936,15.87749000155934,161226939.4058198
25.9034760932242,269103091.5815411,16.43786120625535,124127456.4757447,16.22826725673895,106314682.3213501,23.1296671866761,657071423.9453437,21.07405326883072,560464093.3907278,19.63046330307847,433439809.4972039,18.63789230588361,336300947.1481072,17.93155250881765,265757140.7587691,17.40874193499624,214215351.9794984,17.00824824787332,175854038.0958413,16.69258296583914,146709319.5703726
26.17006525133036,211064948.0013162,17.25780854303291,112564157.7106453,17.04641480659047,96544730.13429755,23.5676098057485,564000299.1596344,21.72870256152022,495693193.4759571,20.38419470800709,386454551.0858976,19.43298218158499,301238977.0988157,18.74399578559677,238893771.6796847,18.22808857456819,193112499.1594007,17.82968938968233,158902081.624325,17.51382625988251,132825053.9417478
26.43038992222784,164716332.3397732,18.07740213438985,101625848.9616949,17.86684214267104,87267979.18055399,23.95690134178894,479383416.1452623,22.32343797381969,436952107.1010028,21.0924208425971,343870027.38984,20.19649171130767,269182573.9379472,19.53527842887001,214101394.8445521,19.03387075375635,173478586.0179807,18.64319204185537,143025030.6708336,18.33139926232594,119750198.0394686
26.68222914790266,127959043.4483819,18.88590474289219,91435756.71044227,18.67913637665297,78594593.65087871,24.30712372405132,403047589.2198694,22.8563956959456,383410347.7324042,21.74648210106373,305398364.7275815,20.9173664585174,240142357.2098879,20.29371008298452,191498033.3922968,19.81441904412005,155460680.219172,19.4373452897348,128369693.2613699,19.13422354329482,107621139.0243602
26.92333901179436,98988433.86151941,19.67171617038747,82078214.47778979,19.47185372772446,70604267.09166962,24.62838881945545,335031856.3829165,23.32967450978597,334292857.569462,22.34072081602775,270566853.3869654,21.5862591647397,213956137.233335,21.00836107333291,171073275.8849192,20.55818050088436,139113120.6858361,20.20041249640356,115015051.9034605,19.91058343654432,96523509.90763739
27.15174608117393,76282508.43899982,20.42315525519411,73590974.08624995,20.23324033510549,63339241.7374823,24.93002349994831,275369726.5247638,23.74900469264151,289034007.0730537,22.87319827231058,238812186.9871078,22.19656600600874,190318500.6671707,21.67012977671941,152692233.0902804,21.25472783615374,124392506.7632962,20.92126130706115,102964529.2212179,20.64897814769539,86484057.09896262
27.36591653938409,58577203.59745759,21.12943938301798,65961221.2608621,20.95216716493152,56799960.15552104,25.21956996813578,223921115.7898334,24.12286429778091,247355056.5551664,23.34594860943422,209594549.5077105,22.74524436381577,168836405.266236,22.27276618115432,136117741.6088905,21.89583305472781,111164628.7948387,21.59042428553818,92146138.58946604,21.33914549897739,77467843.50841144
27.56482381745917,44835636.08492102,21.78175948098213,59127122.02123421,21.61919380810536,50944910.40053853,25.50224179931212,180300860.0433344,24.46120473206349,209240845.5744584,23.76465884178379,182503114.4055808,23.23321503493112,149103960.2726464,22.81365435620264,121051158.6046515,22.47643204131141,99225441.47684644,22.20114357749982,82422827.96516223,21.97313490195363,69382893.79251263
27.74794312785545,34216101.30046856,22.37428773769116,52986218.9984964,22.22761330099302,45695913.00031792,25.78084654853275,143896844.2629358,24.77404938102127,174833811.3100142,24.13779237568436,157320292.2654837,23.66520971687172,130780778.3235198,23.29415956958796,107186956.5361912,22.99527731582905,88335460.49936768,22.75020608754634,73613841.57819457,22.54625098882206,62093539.31312604
27.91519990263876,26041492.70026485,22.90491733389751,47410948.49979102,22.77428348648245,40949384.2750141,26.05608048654913,113940633.6146416,25.07025063778037,144297157.5897467,24.47531570367296,134023046.8245253,24.04904089549528,113652061.9921237,23.71941074636996,94270103.38364083,23.45509952560444,78262884.4908933,23.23837004355567,65525393.86907991,23.05766430923207,55442121.08797623
28.06689421857243,19771482.54999473,23.37554365435144,42269837.0985875,23.26004567204751,36592878.93289415,26.32704706945492,89591666.2162164,25.35662551194163,117702839.7348897,24.78729169181742,112724308.035579,24.3944151004535,97650526.71821365,24.09751049140941,82140577.77955605,23.86218492164103,68826145.4329527,23.67023887703097,57985514.19661475,23.51051522419787,49276284.16960286
28.20361733170889,14978014.90801685,23.79176976434106,37450679.04863734,23.68958763649558,32524458.34805594,26.59184916416747,70009702.71647042,25.63756873412635,94975741.36589487,25.08262654674495,93582624.54014507,24.71153085104425,82833081.45715736,24.43830914659993,70750339.46270755,24.2254108099189,59923759.01306849,24.05355291082896,50874623.39421448,23.91143013889007,43476256.22443504
28.32617089292532,11324211.4750399,24.16204639100909,32879940.04649162,24.07072375608789,28670556.74856533,26.84813893214202,54405523.39462229,25.91511471888837,75893727.34078862,25.36819367714097,76717656.1779249,25.00975178810348,69323827.72221489,24.75199418788723,60146937.88328332,24.55492147041751,51541304.91234504,24.39801369770855,44142397.44143888,24.2695071999786,37974557.16072861
28.43549492736785,8546542.014300132,24.49640092625744,28532248.52801182,24.41320986458655,24997081.32346555,27.09355669839337,42070067.02831506,26.189328644654,60123423.13314947,25.64843647180437,62158411.92427949,25.29660481662037,57248104.3676616,25.04778592151149,50431495.8463688,24.86072005344095,43733210.64130404,24.71387914922371,37804866.11221585,24.59496696119605,32761454.27869992
28.53260738317266,6439980.196755213,24.80501787318156,24426442.53295431,24.72733323801504,21509774.8228521,27.32603393185395,32386723.75755537,26.45887084537088,47268365.14982147,25.92542346321472,49830576.05138512,25.57724315263392,46681735.49634835,25.3329804209141,41708965.54276095,25.15146021968546,36587370.53021543,25.01062105851183,31923145.69373415,24.89774925664988,27874112.24875095
28.61855586907443,4845805.3183662,25.09696150811324,20609780.13779299,25.02257018443393,18243650.67595982,27.54396681952244,24832288.93320459,26.72159141061129,36913134.38603673,26.19923679499537,39572932.96128393,25.85438215394552,37627547.86591019,25.61246550453304,34048850.00185848,25.43364412602923,30187098.03397928,25.29589973966809,26572792.71667179,25.18633633801214,23373999.02005521
28.69438088162718,3641693.057741887,25.37927083002012,17136787.94150587,25.30656522275331,15245811.02438611,27.74628424413641,18971191.60854038,26.97505311635978,28656047.42204164,26.46853760377311,31167311.5175218,26.12860954816883,30017247.12980144,25.88870399265707,27466044.8087082,25.71130637619774,24583466.30360278,25.57500229225279,21815597.9592072,25.46699773810978,19321681.23275666
28.76108913264224,2733747.823698984,25.65653613987837,14050648.1640755,25.58457647038462,12558321.19118939,27.93243989357514,14446301.11767812,27.21692912963715,22129432.24019012,26.73116394871231,24369317.34618636,26.39891816331305,23728775.73163544,26.16207696780987,21920984.47518212,25.98613778801396,19783732.54997796,25.85075820343775,17682257.65307746,25.74352280784185,15757752.3093089
28.81963531925656,2050154.601031723,25.93093600340499,11372373.1142305,25.85939876881382,10206601.71537009,28.10235675846503,10968454.79054484,27.4452626363539,17009680.5942296,26.98465804942691,18932942.97246764,26.66330898319315,18608610.85802143,26.43143241317683,17331974.88017609,26.257918608413,15753858.2751201,26.12383724093428,14167880.3553104,26.01738361270692,12694135.10866754
28.87091067193719,1536162.201554606,26.20261754806876,9098608.244355962,26.1316677956543,8195276.448252333,28.25634708768623,8305993.217971161,27.65860241785391,13020106.60652252,27.22666819937989,14627072.66706506,26.91934767144888,14491896.95350581,26.69468930115587,13591765.27031578,26.52510278744096,12429177.78282306,26.39327821915973,11237103.17074153,26.28819205075816,10114894.63864855
28.91573675421268,1150147.337739159,26.47026274736472,7205619.982547506,26.4003928967727,6510127.423989807,28.39502459506654,6275013.610786444,27.85604163073053,9929324.488182513,27.45521185582081,11244700.20543837,27.16460623054362,11217312.39679154,26.94938511853931,10582834.08583943,26.78541370479865,9727316.659489231,26.65709480656819,8833780.954968028,26.55429254177513,7982826.089950161
28.95486319441802,860546.4600498348,26.73169356533589,5656043.474351633,26.66356476672179,5123331.498526748,28.51921987598075,4730685.3876709,28.03719003435394,7547176.029297125,27.66881367697634,8606705.372911941,27.39696584984237,8636351.348376833,27.19310368129353,8188865.64252748,27.03635586603628,7559563.286218453,26.91283890501952,6891090.619254733,26.81335413768328,6247884.288242583
28.98896825556984,643477.5977635405,26.98440950301801,4405687.707370715,26.91871898308858,3999392.972187025,28.6299052877971,3559747.835918044,28.20210676183879,5719574.567034705,27.86654578317937,6562056.633701731,27.61478850012526,6618034.496274326,27.42376342222061,6302047.638862704,27.27559553806515,5839136.846963715,27.15805071763274,5339747.329452946,27.06287144297902,4854808.770567834
29.01866136649514,480906.2400696022,27.22600020282568,3408964.108014748,27.16338516731586,3100201.674470672,28.72813212505084,2674177.738505176,28.35121485098451,4323114.867930569,28.04800065856062,4985929.82686199,27.81698202791086,5050401.82804788,27.63977628933378,4826888.135079093,27.50120252351712,4486286.507377909,27.39056965873613,4113624.987954969,27.3005318130591,3748784.988330448
29.04448693107427,359237.016918619,27.45441783779648,2622544.478267006,27.39539652338784,2388630.81885902,28.81498064885099,2005941.871945895,28.48521241358863,3259936.678941293,28.2132240121979,3776790.200359555,28.00298917125209,3839993.142291846,27.84010317119674,3681551.264091318,27.71177018778886,3430842.025676729,27.6087125707441,3153000.778994292,27.52444424653677,2879015.288874346
29.06692889727291,268236.4984341192,27.66812221845305,2007437.346160414,27.61306664586388,1830710.920276237,28.89152216967702,1502713.624617324,28.60498975225896,2453092.509822204,28.36262902780296,2853112.477259954,28.17272918732932,2910220.935469843,28.02423642442842,2797623.053022107,27.90644235345085,2612990.132125866,27.81134360026245,2406000.476500778,27.73324886333164,2200572.228399687
29.08641570289878,200212.0445769078,27.866125763134,1529883.890765179,27.8152581909141,1396685.352201485,28.95879168040557,1124420.654239468,28.71155741179648,1842521.710010411,28.49690705276697,2150141.096034599,28.3265153822776,2199247.058034697,28.19213777458414,2119000.228239338,28.08487746482744,1982952.347083879,27.9978662198827,1828846.157301086,27.92613619659993,1675037.624498133
29.10332532301211,149387.6910194639,28.0479690400739,1161477.269618617,28.00137399103788,1061300.499085812,29.01776927330755,840492.29648077,28.8059871081189,1381644.091789,28.61694416019215,1616908.612457047,28.46496540747709,1657744.187284046,28.34415423118296,1600374.553892889,28.24717660756105,1500065.9009383,28.16816639533686,1385394.959765186,28.1028065635227,1270379.078457484
29.11799022811391,111431.0160168478,28.21365467389363,878828.0785557482,28.1712996130624,803629.8679802411,29.06936858152372,627685.2486030753,28.88936552492853,1034536.489965789,28.72374865173533,1213612.42847717,28.58891526052193,1246760.660899417,28.48092821834314,1205609.352162509,28.39379582523796,1131604.227455902,28.32253057730534,1046316.69959107,28.2633955857227,960404.6181100836
29.13070212648572,83095.27169213712,28.36356154000605,663003.2743408036,28.32532099064338,606650.8132713062,29.11443064108247,468379.8425504352,28.96275984967434,773630.655575787,28.81839149036141,909378.2115979263,28.6993431775447,935800.0361206196,28.60331229439782,906179.5701399397,28.52545682673837,851544.9686348786,28.46155575058782,788136.2802096466,28.40838567717005,724026.3375173709
29.14171641211344,61949.23062055426,28.49835472581254,498884.8870950607,28.46403430013985,456718.5954498961,29.15372179301294,349254.37668512,29.02719338727702,577861.375433017,28.90195967460594,680397.1236620239,28.79730616376505,701159.6750675108,28.71229421839527,679763.6497921584,28.64306472580831,639403.2491242888,28.58606277989307,592276.1540438283,28.53851701311173,544476.9032828398
