waveVsWave(?x (OP("/M0" "gm") / (- OP("/M0" "ids"))) ?y ((- OP("/M0" "ids")) / VAR("Wp"))) (Lp=1.3e-07) X,waveVsWave(?x (OP("/M0" "gm") / (- OP("/M0" "ids"))) ?y ((- OP("/M0" "ids")) / VAR("Wp"))) (Lp=1.3e-07) Y,waveVsWave(?x (OP("/M0" "gm") / (- OP("/M0" "ids"))) ?y ((- OP("/M0" "ids")) / VAR("Wp"))) (Lp=1.7e-07) X,waveVsWave(?x (OP("/M0" "gm") / (- OP("/M0" "ids"))) ?y ((- OP("/M0" "ids")) / VAR("Wp"))) (Lp=1.7e-07) Y,waveVsWave(?x (OP("/M0" "gm") / (- OP("/M0" "ids"))) ?y ((- OP("/M0" "ids")) / VAR("Wp"))) (Lp=2.1e-07) X,waveVsWave(?x (OP("/M0" "gm") / (- OP("/M0" "ids"))) ?y ((- OP("/M0" "ids")) / VAR("Wp"))) (Lp=2.1e-07) Y,waveVsWave(?x (OP("/M0" "gm") / (- OP("/M0" "ids"))) ?y ((- OP("/M0" "ids")) / VAR("Wp"))) (Lp=2.5e-07) X,waveVsWave(?x (OP("/M0" "gm") / (- OP("/M0" "ids"))) ?y ((- OP("/M0" "ids")) / VAR("Wp"))) (Lp=2.5e-07) Y,waveVsWave(?x (OP("/M0" "gm") / (- OP("/M0" "ids"))) ?y ((- OP("/M0" "ids")) / VAR("Wp"))) (Lp=2.9e-07) X,waveVsWave(?x (OP("/M0" "gm") / (- OP("/M0" "ids"))) ?y ((- OP("/M0" "ids")) / VAR("Wp"))) (Lp=2.9e-07) Y,waveVsWave(?x (OP("/M0" "gm") / (- OP("/M0" "ids"))) ?y ((- OP("/M0" "ids")) / VAR("Wp"))) (Lp=3.3e-07) X,waveVsWave(?x (OP("/M0" "gm") / (- OP("/M0" "ids"))) ?y ((- OP("/M0" "ids")) / VAR("Wp"))) (Lp=3.3e-07) Y,waveVsWave(?x (OP("/M0" "gm") / (- OP("/M0" "ids"))) ?y ((- OP("/M0" "ids")) / VAR("Wp"))) (Lp=3.7e-07) X,waveVsWave(?x (OP("/M0" "gm") / (- OP("/M0" "ids"))) ?y ((- OP("/M0" "ids")) / VAR("Wp"))) (Lp=3.7e-07) Y,waveVsWave(?x (OP("/M0" "gm") / (- OP("/M0" "ids"))) ?y ((- OP("/M0" "ids")) / VAR("Wp"))) (Lp=4.1e-07) X,waveVsWave(?x (OP("/M0" "gm") / (- OP("/M0" "ids"))) ?y ((- OP("/M0" "ids")) / VAR("Wp"))) (Lp=4.1e-07) Y,waveVsWave(?x (OP("/M0" "gm") / (- OP("/M0" "ids"))) ?y ((- OP("/M0" "ids")) / VAR("Wp"))) (Lp=4.5e-07) X,waveVsWave(?x (OP("/M0" "gm") / (- OP("/M0" "ids"))) ?y ((- OP("/M0" "ids")) / VAR("Wp"))) (Lp=4.5e-07) Y,waveVsWave(?x (OP("/M0" "gm") / (- OP("/M0" "ids"))) ?y ((- OP("/M0" "ids")) / VAR("Wp"))) (Lp=4.9e-07) X,waveVsWave(?x (OP("/M0" "gm") / (- OP("/M0" "ids"))) ?y ((- OP("/M0" "ids")) / VAR("Wp"))) (Lp=4.9e-07) Y,waveVsWave(?x (OP("/M0" "gm") / (- OP("/M0" "ids"))) ?y ((- OP("/M0" "ids")) / VAR("Wp"))) (Lp=5.3e-07) X,waveVsWave(?x (OP("/M0" "gm") / (- OP("/M0" "ids"))) ?y ((- OP("/M0" "ids")) / VAR("Wp"))) (Lp=5.3e-07) Y
0.9268193322414718,257.942288846117,1.023388315732742,156.3958189464591,1.059409686736568,112.8340050643127,1.07874476072859,88.33480942924167,1.090948021902052,72.59445915736596,1.099396915627662,61.62033230577328,1.105609789005706,53.53015897808866,1.110377091626172,47.31847352709576,1.114153394459008,42.39883848186027,1.11721969382226,38.40601128662048,1.119759499955279,35.10059482589211
0.9451712835254178,255.5398564695055,1.043844816955961,154.7880102180784,1.080592659583852,111.6334109479029,1.100303798942821,87.3778388895437,1.112740185001508,71.79916716765514,1.121348939204615,60.94006869890139,1.127678722645812,52.93588879267497,1.132535436254362,46.79091208647725,1.136382414307296,41.92452938296439,1.139506020401181,37.97519441194465,1.142093248238141,34.70596687126095
0.9640786587522615,253.1126106751536,1.064932944921911,153.1648898535526,1.102432879112471,110.421818322645,1.122533146604853,86.412299736744,1.135210698761086,70.99686087967234,1.143984811261618,60.25386928038974,1.150435521440235,52.33647450649251,1.155384717785984,46.25881225453123,1.159304800165275,41.44616017051057,1.162487683918224,37.54070461171776,1.165123965684202,34.30798582477873
0.9835649367988029,250.6602694425445,1.086680244129979,151.5263140829358,1.124959283957704,109.1991338218354,1.145462455139992,85.43812373957445,1.158389653533121,70.1874868745885,1.167334922262093,59.56169031060585,1.173910795144983,51.73187916446525,1.178955713732033,45.7221420790413,1.182951462261055,40.9637027253475,1.18619570234437,37.10251679278213,1.188882759548006,33.90662904017132
1.003654863169181,248.182548951756,1.1091158101544,149.8721392283377,1.148202465173129,107.9652644703719,1.169123080612542,84.45524310853349,1.182308876496418,69.370992165801,1.191431421486252,58.86348845693961,1.198136928383878,51.12206619044058,1.20328098873867,45.1808699597461,1.207355107656681,40.47712925563367,1.210662898355193,36.66060616717082,1.213402548309971,33.50187415661991
1.024374528390441,245.6791638931541,1.13227039228726,148.2022219503787,1.172194777792801,106.720117877693,1.193548199869225,83.46359065366376,1.207002050596572,68.54732433231798,1.216308337863603,58.15922090933191,1.223148202850513,50.50699948908752,1.228395017828486,44.63496473949134,1.232550364306446,39.98641237929746,1.235924024049277,36.21494832739128,1.238718186939822,33.09369916801812
1.045751451116642,243.1498278172997,1.156176503318032,146.5164195207536,1.196970460453797,105.4636024496233,1.21877293521281,82.46309995712963,1.232504842298057,67.71643166430927,1.242001709804294,57.44884550613475,1.248980928642135,49.8866435567768,1.254334318873295,44.08439580332677,1.258573914424179,39.49152521362076,1.26201589503753,35.76551932816553,1.264866601581632,32.6820824981337
1.06781466603136,240.5942535317262,1.180868536804596,144.8145901251015,1.222565763538334,104.1956276221953,1.244834488116522,81.45370556303082,1.258855038688222,66.87826332284672,1.268549724587995,56.73232087203979,1.275673585296925,49.26096360296331,1.281137594879093,43.52913318690225,1.285464637746888,38.99244147316789,1.288977534496113,35.31229577573973,1.291886934257479,32.26700308269581
1.090594816572495,238.0121535525439,1.206382892152221,143.0965932011352,1.249019086268046,102.9161041210595,1.271772282468708,80.43534318731082,1.28609269445483,66.03276951620774,1.295992867852242,56.00960657010607,1.3032669730902,48.6299256838486,1.308845886648383,42.96914769574433,1.313263765267301,38.48913557748301,1.316850327761038,34.8552549260586,1.31982069817213,31.84844045959714
1.114124252416342,235.4032406201169,1.232758107757952,141.3622898177754,1.276371123136271,101.6249442506637,1.299628117796117,79.40794995106064,1.314260289220605,65.17990169547936,1.324374083685393,55.28066327022852,1.331804375109105,47.99349685037239,1.337502736349582,42.40441103723538,1.342015043972345,37.98158277019841,1.345678188007189,34.39437479329861,1.348711944165918,31.42637486858147
1.13843713154252,232.7672282895833,1.26003500238984,139.6115431019711,1.30466501998917,100.3220622180574,1.328446332844802,78.37146464105625,1.343402895651504,64.31961277264271,1.353738945763858,54.54545293676935,1.361331730560442,47.35164531291306,1.367154362458478,41.83489596741109,1.371764913060018,37.46975925145906,1.375507733489704,33.92963427049325,1.3786074387981,31.00078736200677
1.163569526550714,230.1038316087846,1.288256824844886,137.8442187210071,1.33394653995372,99.00737449699088,1.358273979790402,77.32582800200458,1.373568358650535,63.45185736484843,1.384135839869268,53.80393903852347,1.39189781966253,46.70434062547071,1.397849846432863,41.26057645504304,1.402562692002968,36.95364232588362,1.406388476721321,33.46101326427146,1.40955685443812,30.57165992853801
1.189559534706103,227.4127678982936,1.317469411755415,136.060185429439,1.364264239248548,97.68080023895249,1.389161009192399,76.2709830657416,1.404807485793462,62.5765920692259,1.415616157966114,53.05608678473479,1.423554460316502,46.05155389258263,1.42964133132536,40.6814278658951,1.434460780670256,36.43321056866447,1.438373025801619,32.98849284607534,1.441612971584016,30.13897563194053
1.216447390943462,224.6937576507233,1.347721353177167,134.2593156913788,1.395669652687248,96.34226173894324,1.421160465584093,75.20687552354276,1.437174248940549,61.69377577333263,1.448234503797518,52.30186339152842,1.456356716528435,45.3932580027892,1.462584232314229,40.09742717054741,1.467514871492239,35.90844401286257,1.471517297886381,32.51205542263824,1.474831893398177,29.70271876752484
1.244275582749304,221.9465255694086,1.379064165276697,132.4414863907487,1.428217488374312,94.99168496517531,1.454328693281934,74.13345414880219,1.470725996649204,60.80337000725856,1.482048909645458,51.5412383839048,1.490363118240075,44.7294278931496,1.496737458815782,39.50855317979045,1.501784173335209,35.37932436150068,1.505880744464853,32.03168492900144,1.509273272128459,29.26287503925101
1.273088965455458,219.1708017699532,1.411552469020105,130.6065796443611,1.461965830677737,93.629000163534,1.488725551579262,73.05067127864896,1.505523676589961,59.9053393444897,1.517121063475047,50.77418393937423,1.525635891794956,44.06004085012566,1.532163647407523,38.91478681231575,1.537331646314322,34.8458352287137,1.541526587671623,31.5473670479443,1.545000546638746,28.81943176104736
1.302934876003357,216.3663231720453,1.445244173224391,128.7544837353325,1.496976350010432,92.25414254960701,1.524414637929239,71.95848336463426,1.541632066599953,58.99965185993926,1.553516545106889,50.00067528042781,1.562241199684616,43.38507685312842,1.568929404202811,38.31611140030424,1.574224246179975,34.30796241499928,1.578522066261709,31.05908946041697,1.582081189670943,28.37237808655467
1.333863242664195,213.5328351134567,1.480200659637309,126.8850941874747,1.53331451722911,90.86705310342391,1.561463516981001,70.85685160448772,1.579120012253263,58.086279655108,1.591305069294646,49.2206911243758,1.600249387442308,42.70451896819444,1.607105554532001,37.7125130395522,1.612533176119108,33.76569422255299,1.616938689077211,30.56684213242188,1.620586962654221,27.92170527229331
1.365926687515219,210.6700932232345,1.516486966826894,124.9983150049816,1.571049819521262,89.46767948481912,1.599943952364222,69.74574266916534,1.618060667835683,57.16519946219329,1.630560732574756,48.43421420067791,1.639735234526179,42.01835380065596,1.64676739674633,37.10398099202527,1.652334142763349,33.21902181779566,1.656852492774695,30.07061764481433,1.660594174809883,27.46740698019222
1.399180617670776,207.7778655968192,1.554171968549312,123.0940601060248,1.610255973447339,88.05597709060781,1.639932136863483,68.62512954204156,1.658531736321919,56.23639334116972,1.67136225943782,47.64123184779086,1.680778204693853,41.32657201733902,1.687994955602396,36.49050815021423,1.693707611821573,32.66793964954481,1.69834429919477,29.57041157371579,1.702183941900984,27.00947962654183
1.433683300349936,204.8559353221113,1.593328540882079,121.1722549838634,1.65101112927843,86.63191027860422,1.681508915017995,67.494992490217,1.700615702293375,55.29984948648001,1.713793241670557,46.84173670380989,1.723462689637413,40.6291689508021,1.73087322892541,35.87209157443824,1.736739056972826,32.1124459328769,1.741499965954902,29.06622293069063,1.745442438159093,26.5479227857731
1.469495915845316,201.9041034122587,1.634033710718977,119.2328386347822,1.693398058855484,85.19545378800233,1.724759990148655,66.35532019156044,1.744400049621324,54.35556316305266,1.757942362544778,46.03572750784377,1.767878237429202,39.92614530047317,1.775492418993725,35.24873311633178,1.78151919336891,31.55254321062154,1.786410621533862,28.55805467356283,1.790461132586136,26.08273965905027
1.50668258137574,198.9221922079424,1.676368776189644,117.2757657986518,1.737504316830093,83.74659439080911,1.769776105271515,65.20611104536113,1.789977453081566,53.40353779496178,1.80390359478715,45.22321003217563,1.814119754521274,39.21750794828947,1.82194813722761,34.62044014421104,1.828144184193985,30.98823900664984,1.833172873178738,28.04591430077847,1.83733699786104,25.61393761953386
1.545310337724231,195.9100493188531,1.720419387175034,115.3010095650865,1.783422362270863,82.28533281491382,1.816653184224514,64.04737469934905,1.837445929769132,52.44378623419894,1.851776357847263,44.40419816887861,1.862287666535043,38.50327090963736,1.870341567187535,33.98722638887356,1.876715805092499,30.41954658770948,1.881888972280797,27.52981454458602,1.886172676355672,25.14152884834705
1.585449089591509,192.8675521802911,1.766275571356736,113.3085644059256,1.831249624197317,80.81168598594461,1.865492415547252,62.87913383136711,1.886908932161575,51.47633224175734,1.90166561579707,43.57871519867358,1.912488018768891,37.78345644404135,1.920779566480998,33.34911293166317,1.927341546791651,29.84648585353034,1.932666917316171,27.00977418102392,1.937076583158919,24.66553107778259
1.627171489899558,189.794613305637,1.814031688238591,111.2984497028098,1.881088490644229,79.32568964218898,1.916400257184086,61.70142623006436,1.938475359887067,50.50121221848404,1.953681892175978,42.7467952744292,1.964832492164208,37.05809635414886,1.973374682858044,32.70612936031502,1.980134630820054,29.26908437826904,1.985620468935853,26.48581897776678,1.99016292042334,24.18596846111062
1.670552758099336,186.6911863176193,1.863786290480222,109.2707138464314,1.933046196454649,77.82740138425646,1.969488334975581,60.51430722546343,1.992259461707673,49.5184772288201,2.007941172244843,41.90848515669911,2.019438304393082,36.32723350601589,2.028245053523764,32.05831512211745,2.035213906832809,28.68737863001965,2.040869045283441,25.95798280423805,2.045551570747527,23.70287259144604
1.71567042319651,183.5572728393876,1.915641868990972,107.2254389907952,1.98723458037805,76.31690422835226,2.024873202341423,59.3178525267826,2.048380593077701,48.52819536634837,2.064564656555903,41.06384624386033,2.07642795887754,35.59092360833959,2.085514149614469,31.40572110812887,2.092703592790485,28.10141539895347,2.098537458209283,25.42630893192005,2.103367829774492,23.21628369539264
1.7626039841272,180.3929303183636,1.969704456056669,105.1627465502701,2.043769677653778,74.79431073817501,2.082675922934015,58.11216153086147,2.106962788245001,47.53045451553554,2.123678322829308,40.2129569443656,2.13592879725168,34.84923729277143,2.145310320194878,30.74841150627724,2.152732811421008,27.51125346839815,2.158755443045344,24.89085155624923,2.163741930029125,22.7262520303844
1.811434483792338,177.1982808393311,2.026083060088117,103.0828035275082,2.102771110847095,73.25976781429193,2.143021433081866,56.89736116899599,2.168134099935134,46.52536556840603,2.185412246540591,39.35591544269452,2.198072303717192,34.10226254120779,2.207766082714191,30.08646596464344,2.215434868693491,26.91696556637927,2.221656926679758,24.35167757446468,2.226808299906573,22.23283951742142
1.862243999041227,173.9735209554824,2.084888907506715,100.9858297539289,2.16436124047252,71.71346221949332,2.206037637753882,55.67361036144185,2.232025655403898,45.51306615691254,2.249899625582034,38.49284291275392,2.262993104137848,33.35010750810182,2.273017100832739,29.41998210829308,2.280946213680381,26.31864063710698,2.287378972057311,23.80886865562976,2.292704494898751,21.73612164264626
1.915115057696806,170.7189325243167,2.146234473321382,98.87210610808985,2.228664039648572,70.15562691145897,2.271854194418812,54.44110514519688,2.298770376978722,44.49372495969435,2.31727545281747,37.62388723121272,2.330827600554666,32.59290378502129,2.341200787908772,28.74907845247266,2.349405016211976,25.71638647151301,2.356060333983478,23.2625236387855,2.361569734674967,21.23618966102188
1.970130005689127,167.4348944768411,2.210232293969469,96.74198374676284,2.295803666102536,68.58654823657,2.340600946224261,53.20008452897213,2.368501320957288,43.46754663324958,2.387674785232795,36.74922723638456,2.401712186085588,31.83081014898167,2.412454478283996,28.07389775011069,2.420949302252654,25.11033273167393,2.427839564387086,22.71276129138588,2.433542982713858,20.73315313193553
2.027370362505891,164.1218953718621,2.276993576075615,94.59589433419895,2.36590272335278,67.00657400648792,2.412405982943054,51.95083710573008,2.441349604762222,42.43477739898967,2.461230573770006,35.86907756290121,2.475781000134053,31.06401682291761,2.48691312317971,27.3946108000224,2.495714601403053,24.50063439366139,2.502852619529865,22.15972345086803,2.5087605194159,20.22714280806433
2.086916220881574,160.7805464925114,2.346626644862461,92.43436118214375,2.43908023431834,65.41612242714325,2.487393339454259,50.69370841321096,2.517441923411825,41.39571128511854,2.53807104903235,34.98369405489923,2.55316321494759,30.29275025274415,2.564706499197118,26.71142072103532,2.573831092204374,23.88747561432694,2.581229953026354,21.60357855490858,2.587352991106302,19.71831388297318
2.14884576509646,157.4115951535847,2.419235317150863,90.2580111128535,2.515449398196731,63.81569177295673,2.565680391664321,49.42910897153379,2.596897707992389,40.35069697122121,2.618316710755956,34.09337971662317,2.633979898146684,29.51727836701439,2.645955971727763,26.02456766296637,2.655420285864182,23.27107399656053,2.663093134029542,21.04452553766707,2.669441973313214,19.20684957693117
2.213234971017779,154.0159392584771,2.494917335519036,88.06758672850408,2.595115267040891,62.20587059357229,2.647375082225965,48.15752283984634,2.679826055503379,39.30014510953853,2.702077048623893,33.1984910951664,2.718340577812876,28.73791622842646,2.730770939379314,25.33433387448551,2.740591374330943,22.65168518140736,2.748551116514903,20.48279802708219,2.755136174367887,18.69296500149504
2.280157807647534,150.5946313824588,2.573763050512568,85.86395883480907,2.678172560581155,60.58734810542928,2.732573203515912,46.87951641891194,2.766322662787126,38.244535897484,2.789447231133963,32.29944490276404,2.806339750216815,27.95503190866129,2.819245202435575,24.64104897779748,2.8294374883298,22.02960763161853,2.837696407578359,19.91866871973172,2.844527529294588,18.17691118930695
2.349686393527127,147.1489057152509,2.655854658094011,83.64813685403894,2.76470392904458,58.96092426591755,2.821356077226216,45.59574708595041,2.856467122419747,37.18442655217424,2.880505133742782,31.39672457609026,2.89805371175148,27.16905231933574,2.91145364527625,23.94509521064534,2.92203226222765,21.40518738950295,2.930601537489802,19.35245373457736,2.937687591773441,17.65897910593
2.421892308739233,143.6801699718779,2.741266119332949,81.4212810102249,2.854779041159188,57.32751918082412,2.913789083132614,44.30697109225928,2.950321070032785,36.12045819746248,2.975309222101186,30.49088634372948,2.993538250887533,26.38046861754686,3.007449784393526,23.24691229195819,3.018427270242729,20.77882249636544,3.027316406730212,18.78451665868223,3.0346648084667,17.1395033786513
2.496848030057102,140.1900190135616,2.830064344657785,79.18470773060564,2.948455084083317,55.68817860407295,3.009921571832217,43.01405006802418,3.047927781189332,35.05336153472551,3.073897930212739,29.58256424545311,3.092827871364937,25.58984068776066,3.107264877766613,22.54700146030279,3.118651049527213,20.150966661986,3.127867241822373,18.21527190641473,3.135483421174353,16.61886539194355
2.574629188620973,136.6802349590965,2.922311630313835,76.93989493153623,3.045778707601545,54.04408196530827,3.109788757526296,41.71795485649566,3.149313858269537,33.98396056102277,3.176291230106237,28.67247344379288,3.195937285107728,24.79780010566533,3.210909366598224,21.84592814498212,3.222710507098523,19.52213168954973,3.232257978157639,17.64518693625163,3.240144832700808,16.097495326914
2.655317406735978,133.1527848895544,3.018069679066843,74.68848171058345,3.146790458182115,52.39653961700812,3.213415967928352,40.41976715861404,3.254493562958304,32.91317367013254,3.28249502332189,27.7614111250046,3.302865852287624,24.00505094626294,3.318377363122827,21.14432268765238,3.330595453056854,18.8928881213532,3.340474835536309,17.07478283124109,3.348632221384535,15.57587268603277
2.739003665360828,129.6098142887824,3.117405153286693,72.43226328891326,3.251531152155498,50.74699095328615,3.320825679331509,39.1206759871293,3.363476215929028,31.8420105876462,3.392508744884094,26.85025436709984,3.413605403860353,23.21236784419457,3.429654651375216,20.44287857134095,3.442286751597623,18.26386360475048,3.452494597587619,16.50463277963076,3.460918931474671,15.05452487196707
2.825792067091358,126.0536363259173,3.220396568607308,70.17318066658061,3.360050458522568,49.09699542270833,3.432047072334425,37.82197065187913,3.476276352949935,30.77156721281186,3.506336155829972,25.93995450157687,3.528151442646935,22.42059087934717,3.544730212019162,19.74234776167395,3.557768111865465,17.63573861244053,3.568296625310925,15.9353581158125,3.576980675850959,14.53402350374033
2.915803819945496,122.4867174175807,3.327142121487405,67.91330515493831,3.472417055944341,47.44821890809462,3.547127676859532,36.52502882655244,3.592926512980557,29.70301391625122,3.623998832055144,25.03152720388908,3.646517126025619,21.63061719975104,3.663610668085186,19.04353303034443,3.677040903280822,17.00923939472833,3.687877978397417,15.36762180682373,3.696810914877679,14.014978362654
3.009181251854777,118.9116598166678,3.43776788356851,65.65481848747952,3.588729578370977,45.8024156396616,3.666146118519356,35.23130055263315,3.713491167769563,28.63758196814375,3.74555088422863,24.12604117974574,3.768748891855534,20.84338927666669,3.786336407720845,18.34727750076113,3.800140713213182,16.38512837209194,3.811270328231426,14.80211957633805,3.820438066239929,13.49802914619554
3.106091678384011,115.331182218373,3.55243572781081,63.3999897092763,3.709127358502093,44.16140672252572,3.789224737029709,33.94228906375574,3.838080647235337,27.57654632199461,3.871093998887113,23.22460131166694,3.894941925690507,20.05988156650931,3.912997670888333,17.65445202971162,3.92715386905613,15.76419253850293,3.938556831287979,14.23956919432958,3.947942669435348,12.98383552195609
3.20673098467798,111.7480995190823,3.671350400611336,61.15115041067416,3.833799985818914,42.5270568034441,3.916540806606929,32.65952982403843,3.966863496866458,26.52120688731781,4.000790502443188,22.32833264550393,4.025254003869055,19.28108477836595,4.043748815456821,16.96594109895169,4.058232006688389,15.14723078134976,4.0698869890433,13.68069875137587,4.079472480158563,12.4730662451034
3.311326839268902,108.1653028940983,3.794765312509747,58.91067003197661,3.962994908082962,40.90125063426672,4.048335329704906,31.38456942321809,4.100076064683077,25.47286966989478,4.134873514706189,21.43836330609418,4.159915974525576,18.50799085547354,4.178819006950588,16.28262953894994,4.193603123667784,14.5350410120047,4.205487842595921,13.12623491246048,4.21525380174302,11.96638826164281
3.420141521116205,104.5857412798778,3.922986848414544,56.68093289669186,4.097022668795915,39.28587126086472,4.184918835561174,30.1189459639853,4.238028634082496,24.43282928455725,4.273653282351588,20.55580884609513,4.299238220815464,17.74157881500029,4.318518876665428,15.60538902761431,4.333578098674492,13.92840870017822,4.345670570731646,12.57689213878572,4.355598100661382,11.4644567212822
3.533474400689983,101.0124051770985,4.056377239825108,54.46431835737055,4.236259788807729,37.68278129144197,4.326674163063498,28.86417232036264,4.381108065729451,23.4023541086693,4.417519669417934,19.68175902082252,4.443613004404021,16.98280287612273,4.463242661080701,14.93506770876835,4.478552829308477,13.32809682327152,4.490832495159952,12.03336356407493,4.500903873846833,10.96790667951447
3.651664162017796,97.44831346501452,4.195356241850382,52.26318502691166,4.381149661013754,36.09380825004875,4.474056693474402,27.62172321061711,4.529777491078075,22.38267493545991,4.566941410594853,18.81726776614829,4.593513355807916,16.23258352692703,4.61346680352001,14.27248208124419,4.629006537150985,12.73483870259629,4.641455113400165,11.49631464263839,4.651654582086517,10.47734694424613
3.775090880314186,93.89650367091734,4.340401981228371,50.07985960477493,4.532202056285623,34.52073450331889,4.627592810744871,26.39302651976703,4.684573972957683,21.374977507127,4.722463150172432,17.96334671081335,4.749489620032616,15.49180182082779,4.769746100564482,13.61841192755519,4.785497590949255,12.14933342253008,4.798099731102585,10.9663786787502,4.808413991510051,9.993356210506947
3.904178078172738,90.36002590267097,4.492051377840704,47.9166303713406,4.689991910097944,32.9652917615015,4.7878774645288,25.17945882996624,4.846105162807072,20.38039886014761,4.884701413908983,17.12096214024105,4.912164896372356,14.76129681085492,4.932708718895647,12.97359811119149,4.948658180204874,11.5722439127422,4.961401805138677,10.44415531590442,4.971820223973408,9.516481870840943
4.039394874601594,86.84194044995863,4.650900503215524,45.77574507086027,4.855157993045752,31.42915977038108,4.955571620723215,23.98234474660139,5.015045872682871,19.4000270719021,5.054340531096652,16.29103501439874,5.082230465156748,14.04186574238926,5.103051234250348,12.33874288238551,5.119189043348509,11.00419732680994,5.132065427349825,9.93021092470376,5.142580140902704,9.047240087911447
4.181258319431826,83.34531890321462,4.817605149353832,43.65941266012906,5.028401911996265,29.91396856070977,5.131400173680353,22.80295937620555,5.192135226431021,18.43490378907081,5.232129236040647,15.47444345543551,5.260441978445245,13.33426645719852,5.281534505678723,11.71451218075335,5.297855091800569,10.44578723843582,5.31085874634053,9.425080694038474,5.321464532038696,8.586117995109227
4.330335975090232,79.87324853049009,4.992881765888765,41.56980826519531,5.210487693820142,28.42130350265533,5.316150636905111,21.64253321365175,5.37817474937034,17.48602883731277,5.41887833643939,14.67202705391288,5.447616821218877,12.63922140564869,5.468980804917692,11.10153937577583,5.48548235920114,9.897577135763809,5.4986107731958,8.929271904164578,5.509304818445837,8.133576726613693
4.487248771850595,76.4288395865057,5.177508803574454,39.50908064271884,5.402242010716244,26.95271239750766,5.510672681440052,20.50225870068392,5.574027468110578,16.55436622813616,5.615459518582567,13.88459236569226,5.644632709332925,11.9574226910741,5.666272262704096,10.50042991524998,5.682956333004942,9.360104724406888,5.696209623796863,8.443267927719406,5.706991223650228,7.690055153211139
4.652674123518719,73.01523519489417,5.372328389293366,37.47936145802539,5.60455493739077,25.50971389103382,5.715878383377738,19.38329778689572,5.780617857263596,15.64085095429687,5.82280510515204,13.11291904819656,5.852427322257191,11.28953764569606,5.874350414990509,9.911766424841721,5.891221438561775,8.833886619906371,5.904601956836311,7.967532571779431,5.915472176549967,7.255973920415748
4.827349248604799,69.63562343205348,5.578248155837591,35.4827757398611,5.818380991661987,24.09380657720695,5.932742880708676,18.28678992155712,5.998932294425954,14.74639606454008,6.041908396844548,12.35776618186691,6.071998577891084,10.63621453039864,6.094216437002051,9.336113890025347,6.111281247717318,8.319423093698537,6.124793166302895,7.502514452830899,6.135754493661382,6.83173950453139
5.012074596568881,66.29325123673291,5.79624295631346,33.52145292791119,6.044740096153298,22.70647824957233,6.162305016456894,17.21386000256287,6.230019557323487,13.87189960605328,6.273824099799706,11.61987841620962,6.304405027004493,9.998088039063546,6.326931523470176,8.774024634722714,6.344198854817706,7.817202614555624,6.357847758657744,7.048651169653666,6.36890376037935,6.417748071073791
5.207717227801086,62.99143976199328,6.027356102395635,31.59753797510767,6.284717998880316,21.34921483129781,6.405667444447879,16.16562588957798,6.474990798284522,13.01825110271589,6.519668244719496,10.89999165561461,6.550765751457967,9.375784359236219,6.573616782518782,8.226042877312958,6.59109677444498,7.32770598940729,6.604889258428621,6.606373097029917,6.616044246270513,6.014388974249517
5.415213936976012,59.73360076545021,6.272699670901447,29.71320199067133,6.539465592957721,20.02350856334589,6.663995580179747,15.14320514325348,6.735018342098594,12.18633729165274,6.780616918955936,10.19883805187223,6.812259069696936,8.769925589321829,6.835451933415081,7.692708689782149,6.853155640854093,6.851409949440913,6.867098914090385,6.176106662354606,6.878357619718174,5.622047772814046
5.635573839209197,56.52325359115864,6.533453317773595,27.8706519051066,6.810196470271456,18.73086504898773,6.938514679153836,14.14772067862809,7.011332558678224,11.37704686829108,7.057903042968997,9.517150097288445,7.090119267124416,8.181133338039961,7.113672015821927,7.174561209690595,7.131610909280272,6.388790049695323,7.145712398638021,5.758276988064861,7.157079651769711,5.241108657128978
5.869880053780591,53.36404222498374,6.810860917552807,26.07213860259533,7.098181923869253,17.47280874238148,7.230504210218538,13.1803050202044,7.305215952227776,10.59127399339293,7.352810317088874,8.85566361710687,7.385630466943323,7.610031337203755,7.4095612189911,6.672140960057427,7.427746662407138,5.940322755674151,7.442013604314255,5.353309787918226,7.45349400572678,4.871956187119593
6.119290017946454,50.25975179903468,7.106224207136724,24.31996290036744,7.404742476105564,16.25088643263121,7.541288558729695,12.24210282297679,7.617993480320652,9.829920298880587,7.666663339780254,8.215119447009936,7.700116635144981,7.057246888291568,7.724442819678671,6.185991123254247,7.742885507459039,5.506486582644028,7.757324514637198,4.961632398157879,7.768922093963909,4.514976234526989
6.385033840943049,47.21432377536263,7.42089245564858,22.61647866258447,7.731234856113351,15.0666682184687,7.872222946084529,11.33427128399283,7.951017972194451,9.093895098538685,8.000812757646798,7.596263556267332,8.03492657474453,6.523410941824315,8.059664080838576,5.716657596265676,8.078373414125062,5.087762136624671,8.092990002806607,4.583673809587013,8.104707850376732,4.170556009166681
6.668409964204907,44.2318688522066,7.756247012629099,20.96409222512575,8.079033188752746,13.92174540060422,8.224673297544626,10.4579780205214,8.305649365555993,8.384113471839942,8.356614160598459,6.999845345927216,8.391412619847502,6.00915658195974,8.41657482034479,5.264687631418841,8.435558202029851,4.684630885386524,8.450356265110274,4.219863547917886,8.462196127236975,3.839083031908472
6.970777228561777,41.31667640790151,8.113679415725908,19.36525718831521,8.449503003214071,12.81772464965807,8.59998864655833,9.614395943102345,8.683226343641293,7.701491852513515,8.735399301992151,6.426613821613834,8.77090160918428,5.515115663459092,8.796498229937047,4.830626844730272,8.815760258805044,4.297572468325114,8.830741471351226,3.870629232287974,8.842703299458208,3.520942901215973
7.293542265163841,38.47321904337586,8.494561586234223,17.8224635228074,8.843966548283909,11.75621775150379,8.999464558856943,8.80469461650314,9.085028858333967,7.046940728091847,9.138438133058312,5.877311320657381,9.174656631782224,5.041913331851767,9.200692440031879,4.41501436010356,9.220233986984235,3.927060341928029,9.235397132753047,3.536392631029351,9.247478578672121,3.216515690343548
7.638140945610646,35.70615040665754,8.900206537137652,16.33821985136461,9.263657851032816,10.73882620690442,9.424296034506806,8.030027593551793,9.512230013369376,6.421354054681779,9.566890136947162,5.352664473762077,9.60382803838791,4.590160159174077,9.630301330269887,4.01837585962041,9.650118484458519,3.573555559737786,9.665458695959973,3.217564036001922,9.677654548888103,2.926170814480774
8.006012406559829,33.02029448642146,9.331818008967508,14.91502774492071,9.70966603011103,9.767119990942449,9.87551845789255,7.291515243595527,9.965835912652164,5.825595026987362,10.02174358974127,4.853372114296569,10.05939236109159,4.160441657479133,10.08629323898623,3.641214337215317,10.10637611961178,3.237498510341432,10.12188403029438,2.914534799345307,10.13418559562347,2.650260227883068
8.398564084995881,30.4206236829781,9.790427595218544,13.55534694435506,10.18286564549766,8.842609886399453,10.35393548908008,6.590222699148245,10.44661242875156,5.260477933351647,10.50374174080056,4.380089927026633,10.54207815778329,3.753305001906563,10.56938660489807,3.283998415127361,10.58971804636102,2.919298492863361,10.60537886232623,2.62766792733062,10.6177732892661,2.389109857550122
8.817126033135027,27.91222351414043,10.2768183131743,12.26155060196308,10.68383342284814,7.966713022813974,10.86003341708674,5.92713273241174,10.9549985086312,4.726745985992009,11.01329558621228,3.933411766411163,11.05227849119239,3.369242916062703,11.0799622749131,2.947148189734871,11.10051640992461,2.619321105561475,11.11630892082546,2.35728671302289,11.12877849484457,2.143009259468157
9.262892906512297,25.50024113466997,10.79143426771702,11.03587011033834,11.21275163572295,7.140711607293911,11.3938825301202,5.303113667182001,11.49100671144261,4.22504526238871,11.55038401057127,3.513847784253513,11.58995086781375,3.00867485463682,11.61796333640401,2.631018734128844,11.63870412441729,2.337873566795615,11.65459968938296,2.10366151923767,11.66712111729945,1.912199601700363
9.736852242646281,23.18981528572333,11.33427728311255,9.880329529682831,11.76929986820755,6.365705346330133,11.95502760301874,4.718882843923219,12.05411326805728,3.755895233732875,12.11444369388497,3.121799794107179,12.15450709924313,2.671925866752435,12.18278497921913,2.335881603328045,12.20366475654721,2.075188282457365,12.2196263212868,1.866994998912567,12.23217005141254,1.696860238436913
10.23969822114505,20.98598564494677,11.90479301826492,8.796670700868431,12.3525389099092,5.64255872478289,12.54237173729573,4.174966685980635,12.64314213853197,3.319656787907913,12.70425339383674,2.757534662188379,12.7446977772706,2.359203835189613,12.77315913082212,2.061904961104056,12.79411729362941,1.831405216769086,12.81009851888477,1.64740625851758,12.82262815555785,1.497094337667296
10.771731073797,18.89358040415648,12.50175147767273,7.78627107679196,12.96079315423985,4.971845157107317,13.15406053355244,3.671659041303952,13.25615033232147,2.916499157550045,13.31782002433988,2.421156933541167,13.35849887678444,2.070576145064232,13.38704143751449,1.809133260313765,13.40800340768457,1.606553900884603,13.42394801552355,1.444914719360435,13.43641990556456,1.312914251258062
11.33274382395274,16.91708224244363,13.12312975499682,6.8500577075878,13.59154111337131,4.35379087089157,13.78737683779028,3.208980146508333,13.89032504194527,2.546367694737546,13.95227724679362,2.112582340073043,13.99301130000329,1.805947207688283,14.0215114655977,1.577467732020344,14.04238812848421,1.400536199552852,14.05822959879452,1.25942468767824,14.07059268483816,1.144227548052249
11.92190017362413,15.06047475462259,13.76600829713969,5.988422203663596,14.24132713366903,3.788222347915445,14.43865982619932,2.786639190265614,14.54190664321385,2.208954922523175,14.60381077971216,1.8315142340136,14.64438765468877,1.565038599277641,14.67270046765709,1.366649226795866,14.69338830360267,1.213111209414597,14.70905007412084,1.090711870399777,14.72124612320508,0.9908248345962694
12.53761016416312,13.32707382327837,14.42649558208878,5.201142828718385,14.90571085433266,3.274521814770546,15.10326545744763,2.404003942906053,15.20615481873055,1.903677644879356,15.26762778813395,1.577425266600982,15.30780368347776,1.347373801352388,15.33576416224461,1.176245144379266,15.35614631141663,1.043883829897606,15.37154264443663,0.938413221380631,15.38350696526494,0.8523706206101067
13.17741364960588,11.71935124635758,15.09969930505904,4.487320857367144,15.57927351856091,2.811595684997842,15.77558763945719,2.060081080455172,15.87737718293296,1.629663000493213,15.93798974136264,1.349546696134636,15.97749372925879,1.152269572421822,16.00491990378991,1.005642217751172,16.02486839454125,0.89229856940754,16.03990606408815,0.8020215192118038,16.05156881746732,0.7283984988514458
13.83788537371451,10.23876094949915,15.7797640880082,3.845338704755218,16.25570101924436,2.397860704486981,16.44915966622021,1.753510625270547,16.54903977833737,1.385746103391561,16.60832796780866,1.146867482382579,16.64686937112852,0.978835771624439,16.67356731063479,0.8540467264537758,16.692946632863,0.757639974216608,16.70752754944501,0.6808859164279345,16.71881572813406,0.6183117600018379
14.51457906494412,8.885580816533428,16.45999527687707,3.272846793287537,16.92796134019325,2.031251727917826,17.11685255484159,1.482577144742655,17.21397547941485,1.170481256807789,17.27145761082555,0.9681447484582311,17.30873671907512,0.8259849480059526,17.33450769528245,0.7204932627106734,17.35317980017031,0.6390406616554752,17.36720461849184,0.5742193317451669,17.37804472000949,0.5213902265046138
15.20203068140996,7.658785019121543,17.13308434268862,2.7667844883606,17.58858767357491,1.709253498588895,17.7711795981218,1.245239069929327,17.86469862346076,0.9821676406130021,17.91989771219679,0.8119262729878768,17.95561973656184,0.6924522121055656,17.9802694327316,0.6038624711976156,17.99810008174818,0.5354973115481477,18.01147272573767,0.4811129902502452,18.02179406207497,0.4368035729891602
15.89384165504851,6.555962154064752,17.79144265709381,2.323437721319396,18.23006710630384,1.428956619066957,18.40470409556156,1.039175771977733,18.49382135745963,0.8188889807320486,18.54629210945573,0.6765844974713555,18.58018377977072,0.5768248934395784,18.60353313714998,0.5029072953079506,18.62039931001406,0.4458941799105436,18.63303220252214,0.4005577054115978,18.64277068712609,0.3636307545972581
16.58286046018058,5.573292891537457,18.42763647708539,1.93853233105957,18.8453183807701,1.187135328771126,19.01053003713515,0.861850094772011,19.09454967703153,0.6785651543759188,19.14390811816499,0.5603602521342734,19.17573573557132,0.477580392354743,19.19763265212606,0.4162863080463858,19.21343047423324,0.3690328529695594,19.22525008909342,0.3314707374679579,19.2343522236266,0.3008844758475639
17.26147383426219,4.705596923369891,19.03489742902629,1.607358181914258,19.42822220315922,0.9803421467336704,19.58283516449454,0.7105821975707804,19.66121668184988,0.559012252467727,19.70716951186262,0.4614132257432532,19.73675666027195,0.3931296410066429,19.75708737923928,0.34260184474783,19.77173978256635,0.3036662000886344,19.78269197111791,0.2727263833204471,19.79111864119213,0.2475390179973451
17.92200670250122,3.946452902416705,19.60766183391219,1.324915414511002,19.9741470488777,0.8050123550005641,20.11738582852204,0.5826291539183909,20.18979089445839,0.4580065630703909,20.23216081852954,0.37787536386077,20.25940347530811,0.3218628844467387,20.27810221101416,0.2804400516289251,20.29156535744822,0.2485339561476422,20.30161977996423,0.2231879833633564,20.30934938786245,0.2025593197927207
18.5572124401759,3.288387433646721,20.14207296152664,1.086071458994113,20.48039737043535,0.6575701067576263,20.61195864745256,0.4752640696818458,20.67828393330338,0.3733474807722253,20.71702690255646,0.3079030377062171,20.74190351322227,0.2621942260770126,20.75895877140844,0.2284097445096043,20.77122621450217,0.202397177649605,20.78037917671207,0.1817388690299817,20.78740962247618,0.1649290636840996
19.16081418540474,2.723121159917402,20.6363684243646,0.8857162471201444,20.94650560793511,0.5345278986873062,21.06659123178164,0.3858486737499905,21.12698047179816,0.3029145880590966,21.16219120426632,0.2497240700216852,21.18476558708567,0.2126016112086481,21.200221835225,0.1851771867383891,21.2113255395047,0.1640690157462374,21.21960063789229,0.1473099591249865,21.2259497365752,0.1336756906929915
19.72803702425078,2.241853014182394,21.09107648995593,0.7189036590487454,21.37429988302636,0.4325722651427379,21.48359822960944,0.3118943653393482,21.53842907987094,0.2447150503003309,21.57033258940344,0.201676482532715,21.59074836944252,0.1716596077030969,21.60470226240604,0.1494945031650408,21.61470996704357,0.1324397953077037,21.62215620223959,0.1189022078961672,21.62786030638189,0.1078907193258714
20.25605534962113,1.835559165262866,21.50896440938389,0.5809695044071433,21.76770809992462,0.34863059885789,21.8673211505408,0.2511083591496028,21.9171662779527,0.1969188324302259,21.94609530429387,0.162236985162175,21.96456189002637,0.1380633400654807,21.97715309185313,0.1202203248418035,21.98616206605747,0.1064951715530463,21.99284946725467,0.09560281320378761,21.9979603321965,0.08674438592122728
20.74427578100763,1.495282011947325,21.89471892175927,0.4676197839077948,22.13230335567745,0.2799165604570651,22.22362662906912,0.2014235213454331,22.26919314930283,0.1578808115676155,22.2955539466436,0.1300385318392091,22.31232559255237,0.1106430507584669,22.32372320891929,0.09633223469757118,22.33185108630451,0.08532700197352754,22.33786432693635,0.07659487171231344,22.34244456058648,0.06949433075448727
21.19438896274438,1.212387006930121,22.25438780389927,0.3749869085420142,22.4746458519872,0.2239541188323504,22.55921771653617,0.1610123736758836,22.60127342014167,0.1261503399487632,22.62550467236173,0.1038774858852199,22.64085553211419,0.08836979728424112,22.6512420208466,0.07693148448701026,22.65861596375748,0.06813736700897417,22.66404682873967,0.06116088140891032,22.66816453042168,0.0554887007261386
21.61015503412591,0.9787705503712644,22.59465995059157,0.2996552422404606,22.80151941261822,0.1785824338312359,22.88086261292578,0.1282872584928048,22.92016010245397,0.1004699759402577,22.94269110744334,0.08271188266954144,22.95688997030616,0.07035358940308531,22.96644488508459,0.0612411408374952,22.97319064378105,0.05423677888941645,22.97813042113698,0.04868103334576866,22.98185375973824,0.0441645291909962
21.99693355860183,0.7870094873316569,22.92209595660585,0.238660205281388,23.1191830794637,0.1419452679120614,23.19466251324603,0.1018896238421267,23.23187255689374,0.07976581676260587,23.25308681671457,0.06565284596542585,23.26637518137164,0.0558357431468219,23.27526106550235,0.04859922258775568,23.28149346773788,0.04303797154902822,23.28602631302666,0.03862754891854536,23.28941877718414,0.03504253668620202
22.3610190597285,0.6304503970003444,23.24243051362157,0.1894669144655213,23.43275266161721,0.1124692980127239,23.50546912391216,0.08067176483145565,23.54113214373657,0.06313211486761706,23.56134110920804,0.05195139619499689,23.57391739425904,0.04417737061579151,23.58226959024726,0.0384485082454167,23.58808562802797,0.03404676344052642,23.59228369948608,0.03055640471785262,23.5954005775133,0.02771957206508637
22.70888419435603,0.5032435117834407,23.56004893265238,0.1499349086953859,23.74579526732419,0.08883566617759177,23.81652644474873,0.06367422375365446,23.85102687291428,0.0498127120150549,23.87045626823483,0.04098274670781612,23.88246756227452,0.0348457929541854,23.89038881518223,0.0303245716098522,23.89586390884883,0.02685137417336354,23.89978467102709,0.02409768503681843,23.90267104170893,0.02185981936151097
23.04645135977264,0.400330813575401,23.87769895092815,0.1182751083195476,24.06017201327803,0.06994854506893187,24.12936208871795,0.0501015594169032,24.16292562919391,0.03918140658486351,24.18171423209341,0.03222982447970602,24.19325547118606,0.02740034995177196,24.20081524688213,0.02384332579197401,24.20600263593067,0.02111132714096792,24.20968830217986,0.01894557701959985,24.2123785207678,0.01718569033569452
23.37850402424602,0.31740025267469,24.19644864346897,0.09300410583425853,24.37611469429077,0.05490363527866126,24.44390527492152,0.0392985210214666,24.47661517456933,0.03072282010520381,24.49482383158234,0.02526728991532041,24.50594305886086,0.02147868226446319,24.51318072339389,0.01868900723291655,24.51811342397143,0.01654675994464997,24.52159216198894,0.01484874390054241,24.52411058632438,0.0134690683766816
23.70831445483248,0.2508182821074624,24.51585605729351,0.07289953346040878,24.69248406080873,0.04295857317920677,24.75877367274259,0.030727959666383,24.79059975321318,0.02401476969242021,24.80822719015724,0.01974686612041684,24.81893484448911,0.01678416541775257,24.82586540862356,0.01460318488231893,24.830559887146,0.0129286570241537,24.83384821436572,0.01160153550415969,24.83621077797473,0.01052331858495384
24.03751598310702,0.1975515238810674,24.83428652212598,0.05695889642742337,25.0071375994915,0.03350637442457911,25.07165528222722,0.02395119258700249,25.10248890021489,0.01871266864078059,25.11949062436379,0.01538438932437298,25.1297706627464,0.01307483584936455,25.13639170913822,0.0113750848645641,25.14085236424788,0.01007025793372511,25.14395811961936,0.009036261054389269,25.14617432925158,0.008196266533965756
24.36619995110682,0.1550860665911794,25.14930320794343,0.04436310053226244,25.31733364916949,0.02605236346018535,25.37971364307646,0.01861106096080834,25.40940259342076,0.0145361109570628,25.42570967859447,0.01194869303248428,25.43553063880244,0.01015389628262433,25.44182924060902,0.008833301632857863,25.44605291033377,0.007819701014096927,25.44897827167029,0.007016575859956792,25.45105326191003,0.006364191079678641
24.69318210720388,0.1213502848748446,25.45806291904826,0.03444503613749448,25.62011154678541,0.02019457383457891,25.67995946224463,0.01441760535794236,25.70833851299954,0.01125755492806978,25.72387398078419,0.009252243903544625,25.73319863962146,0.007861724150718633,25.73915742428442,0.006838825364823786,25.74313736033375,0.006053837829789183,25.74588152697268,0.005431922267352641,25.7478179068073,0.004926776041018373
25.01636648490249,0.09464466203545734,25.7576661910319,0.0266630195733517,25.91260742791937,0.01560733127308804,25.96955230507664,0.01113610572539041,25.99646694923774,0.008692889538348104,26.01115848371439,0.007143342841504643,26.01995137081972,0.006069219806159971,26.02555326162375,0.005279240744101275,26.02928226005299,0.004673088353344241,26.03184358648808,0.00419290703072064,26.03364292599037,0.003802913038124258
25.33313607779091,0.0735801742269182,26.04543165261884,0.02057859211147829,26.19228600553589,0.01202760914580825,26.24601631930302,0.008577161142952639,26.27133900027756,0.006693617757592358,26.28512762662674,0.005499666765031695,26.29336017825488,0.004672300488783651,26.29859167440749,0.004063926415458417,26.3020642662196,0.003597184548444015,26.30444177652356,0.003227477576579321,26.30610568063268,0.00292723017986355
25.64071369879073,0.05702545406827165,26.31908393104268,0.01583806608977522,26.4570858667225,0.009243724574472865,26.5073702546088,0.006588481327184533,26.53100954178175,0.005140392808346503,26.54385454350792,0.004222930417590209,26.55150805764696,0.00358735050248731,26.55636114932666,0.003120088974534332,26.55957490880572,0.002761654475465342,26.56176922576267,0.002477763930381153,26.56330001390163,0.002247225370791437
25.93645644502342,0.04406215132302742,26.57685903001423,0.01215721580597292,26.70548764421882,0.007085978607574419,26.75218279142609,0.005048095097544706,26.77408670185177,0.003937672590622045,26.78596742695374,0.003234472935532555,26.79303419996784,0.002747460382887616,26.79750715175424,0.002389485242927536,26.80046327033816,0.00211491694078578,26.8024770544056,0.00189746932349532,26.80387810728827,0.001720897880411452
26.21806720889934,0.03394753064443529,26.81754016522609,0.009308578783974265,26.936520771993,0.005418902599266622,26.97956960464742,0.003858727812813975,26.99972455761204,0.003009295851684314,27.01063991150283,0.00247160635296668,27.01712302183293,0.002099315906446549,27.0212203116921,0.001825711285756936,27.02392362108008,0.001615878766855733,27.02576163927513,0.001449712413541477,27.027037492172,0.001314789967034051
26.48372284607773,0.02608325251711063,27.04044106086948,0.007110920483262643,27.1497264457904,0.004134834427041427,27.18914981049946,0.00294314629252411,27.2075766851422,0.002294821015911838,27.21754309379614,0.00188459439358925,27.22345528930813,0.001600624554137226,27.22718698535664,0.00139196007820284,27.22964561120167,0.001231947628430811,27.23131455531106,0.001105242851686237,27.23247081739547,0.0010023674553382
26.73212936559886,0.01998934967420533,27.24535397850952,0.005420499235329126,27.34509330336898,0.003148602020039436,27.38097791874101,0.002240309391367076,27.39772648609206,0.001746500046965903,27.40677500369616,0.001434156006430439,27.41213708526366,0.001217989373461453,27.41551790329678,0.001059169246788881,27.41774270610134,0.000937390742826828,27.4192508638257,0.0008409675366405774,27.42029403315613,0.0007626823549194278
26.96251999707654,0.01528254593135289,27.43247769493872,0.004123838006796064,27.52297957111125,0.002393134445723341,27.55546445038778,0.00170219344472879,27.57060717242042,0.001326784188951632,27.57878025791431,0.001089408344433884,27.58361926436648,0.0009251574613636192,27.58666749526789,0.0008044953945040596,27.58867142072632,0.0007119830912792732,27.59002828097515,0.0006387369361411763,27.59096550996752,0.0005792715490768819
27.17461332215418,0.01165821064312223,27.60233749086439,0.003131763594965816,27.68403205061169,0.001815853096890197,27.71329497404111,0.001291185091410658,27.72692087454817,0.001006276738490047,27.73426920805451,0.0008261790022678286,27.73861661833016,0.0007015831835812918,27.74135305938989,0.0006100627671565469,27.7431504851153,0.0005398988293388922,27.74436633550875,0.0004843498298999093,27.74520518637523,0.0004392537354166556
27.3685472456301,0.008875371353474571,27.75570583639136,0.002374514280350798,27.82910903950318,0.001375719577018089,27.85535409613669,0.0009779513299927631,27.8675631528017,0.000762061641731894,27.87414272755691,0.0006256285978474802,27.87803281720413,0.0005312558564592003,27.88047979277456,0.0004619424027834316,27.88208592712602,0.0004088069836165479,27.88317148118311,0.0003667415159391437,27.88391969708278,0.0003325928755688846
27.54480172277517,0.006744310382296312,27.89352939625809,0.001797747349922242,27.95921147757078,0.001040835185258573,27.98265824353048,0.0007397099393786706,27.99355654598504,0.0005763471742370256,27.99942616339516,0.0004731334361725776,28.00289458985063,0.0004017490033290957,28.0050751080303,0.0003493243520636615,28.00650547180993,0.0003091382527833128,28.0074715468225,0.0002773256653954318,28.00813685340294,0.0002515010837579374
27.70411983708946,0.005116349383002318,28.01686548384999,0.001359301606389883,28.07542442986401,0.0007865014952622481,28.09629901404556,0.0005588340615077707,28.10599478227983,0.000435372399593015,28.11121399861322,0.0003573849842441183,28.11429664379528,0.0003034542685635873,28.11623370744032,0.0002638507711223361,28.11750371091626,0.0002334943583981347,28.11836096535887,0.0002094641718106352,28.11895090918734,0.0001899576641303405
27.84743367013612,0.003875484944281546,28.12682923288946,0.001026589491532014,28.17886946107551,0.0005936638062486234,28.19739741987603,0.0004217337858588432,28.20599787575499,0.0003285312741352504,28.21062539573705,0.0002696688341469452,28.21335746360831,0.0002289681564340602,28.2150735348507,0.0001990821282802271,28.21619815019541,0.0001761753327962502,28.2169568812841,0.0001580428850684536,28.21747870608156,0.000143324226409864
27.97579875524627,0.002931584238896422,28.2245514811612,0.0007745103565782407,28.27066743774968,0.0004476700444132458,28.28706841865488,0.000317965553435155,28.29467744130668,0.0002476756007279446,28.29876992154027,0.0002032910886393251,28.30118526954612,0.0001726042558119686,28.30270187536087,0.0001500726910340008,28.30369539702698,0.0001328036151031978,28.30436539397785,0.0001191342522918016,28.30482595210691,0.0001080386545209795
28.09033887602689,0.002214887458158659,28.31114656986897,0.0005837915565826225,28.35191070350793,0.0003372874150104568,28.36639460186922,0.000239527382512777,28.37311106542219,0.0001865637387320798,28.37672227383593,0.0001531248354701731,28.37885294742447,0.0001300076554407743,28.38019040773555,0.0001130349902220617,28.38106628932683,0.0001000269598127778,28.38165673516606,8.973070457518157e-05,28.3820624299511,8.137326081229446e-05
