waveVsWave(?x (OP("/M0" "gm") / (- OP("/M0" "ids"))) ?y (OP("/M0" "gm") * OP("/M0" "rout"))) (Lp=1.3e-07) X,waveVsWave(?x (OP("/M0" "gm") / (- OP("/M0" "ids"))) ?y (OP("/M0" "gm") * OP("/M0" "rout"))) (Lp=1.3e-07) Y,waveVsWave(?x (OP("/M0" "gm") / (- OP("/M0" "ids"))) ?y (OP("/M0" "gm") * OP("/M0" "rout"))) (Lp=2.3e-07) X,waveVsWave(?x (OP("/M0" "gm") / (- OP("/M0" "ids"))) ?y (OP("/M0" "gm") * OP("/M0" "rout"))) (Lp=2.3e-07) Y,waveVsWave(?x (OP("/M0" "gm") / (- OP("/M0" "ids"))) ?y (OP("/M0" "gm") * OP("/M0" "rout"))) (Lp=3.3e-07) X,waveVsWave(?x (OP("/M0" "gm") / (- OP("/M0" "ids"))) ?y (OP("/M0" "gm") * OP("/M0" "rout"))) (Lp=3.3e-07) Y,waveVsWave(?x (OP("/M0" "gm") / (- OP("/M0" "ids"))) ?y (OP("/M0" "gm") * OP("/M0" "rout"))) (Lp=4.3e-07) X,waveVsWave(?x (OP("/M0" "gm") / (- OP("/M0" "ids"))) ?y (OP("/M0" "gm") * OP("/M0" "rout"))) (Lp=4.3e-07) Y,waveVsWave(?x (OP("/M0" "gm") / (- OP("/M0" "ids"))) ?y (OP("/M0" "gm") * OP("/M0" "rout"))) (Lp=5.3e-07) X,waveVsWave(?x (OP("/M0" "gm") / (- OP("/M0" "ids"))) ?y (OP("/M0" "gm") * OP("/M0" "rout"))) (Lp=5.3e-07) Y,waveVsWave(?x (OP("/M0" "gm") / (- OP("/M0" "ids"))) ?y (OP("/M0" "gm") * OP("/M0" "rout"))) (Lp=6.3e-07) X,waveVsWave(?x (OP("/M0" "gm") / (- OP("/M0" "ids"))) ?y (OP("/M0" "gm") * OP("/M0" "rout"))) (Lp=6.3e-07) Y,waveVsWave(?x (OP("/M0" "gm") / (- OP("/M0" "ids"))) ?y (OP("/M0" "gm") * OP("/M0" "rout"))) (Lp=7.3e-07) X,waveVsWave(?x (OP("/M0" "gm") / (- OP("/M0" "ids"))) ?y (OP("/M0" "gm") * OP("/M0" "rout"))) (Lp=7.3e-07) Y,waveVsWave(?x (OP("/M0" "gm") / (- OP("/M0" "ids"))) ?y (OP("/M0" "gm") * OP("/M0" "rout"))) (Lp=8.3e-07) X,waveVsWave(?x (OP("/M0" "gm") / (- OP("/M0" "ids"))) ?y (OP("/M0" "gm") * OP("/M0" "rout"))) (Lp=8.3e-07) Y,waveVsWave(?x (OP("/M0" "gm") / (- OP("/M0" "ids"))) ?y (OP("/M0" "gm") * OP("/M0" "rout"))) (Lp=9.3e-07) X,waveVsWave(?x (OP("/M0" "gm") / (- OP("/M0" "ids"))) ?y (OP("/M0" "gm") * OP("/M0" "rout"))) (Lp=9.3e-07) Y,waveVsWave(?x (OP("/M0" "gm") / (- OP("/M0" "ids"))) ?y (OP("/M0" "gm") * OP("/M0" "rout"))) (Lp=1.03e-06) X,waveVsWave(?x (OP("/M0" "gm") / (- OP("/M0" "ids"))) ?y (OP("/M0" "gm") * OP("/M0" "rout"))) (Lp=1.03e-06) Y,waveVsWave(?x (OP("/M0" "gm") / (- OP("/M0" "ids"))) ?y (OP("/M0" "gm") * OP("/M0" "rout"))) (Lp=1.13e-06) X,waveVsWave(?x (OP("/M0" "gm") / (- OP("/M0" "ids"))) ?y (OP("/M0" "gm") * OP("/M0" "rout"))) (Lp=1.13e-06) Y,waveVsWave(?x (OP("/M0" "gm") / (- OP("/M0" "ids"))) ?y (OP("/M0" "gm") * OP("/M0" "rout"))) (Lp=1.23e-06) X,waveVsWave(?x (OP("/M0" "gm") / (- OP("/M0" "ids"))) ?y (OP("/M0" "gm") * OP("/M0" "rout"))) (Lp=1.23e-06) Y
1.483691532465135,0.9805605416217141,1.290607304242014,0.781928737326101,1.220970354194333,0.7159628724728392,1.184480988098839,0.6819312263399804,1.161892284692673,0.6609013731814143,1.146496064572539,0.6465409635564215,1.135318963074437,0.6360879975006426,1.126834154491372,0.628132458556365,1.120174770626454,0.6218747657359938,1.114811191041285,0.6168259283448256,1.110401178843393,0.6126693287769609,1.106713554585771,0.6091905680236108
1.512150159742205,1.00936344161398,1.313172558321863,0.8014863078497084,1.241628048085423,0.7329002643974172,1.204184926423303,0.6976025646172288,1.181021391847938,0.6758190008363881,1.165240147431581,0.6609563385495203,1.153786958295217,0.650144089453958,1.145094489366571,0.6419186740151045,1.138273289543266,0.6354508846892611,1.132780133923937,0.6302339597154628,1.12826409223818,0.6259399517150234,1.124488165921193,0.6223468863735903
1.541610068213746,1.039770816715584,1.336447889973208,0.8219540240547594,1.262907920619114,0.7505759901537137,1.224468476841817,0.7139337039763237,1.200704928674252,0.6913511409364116,1.184521998091032,0.6759566730129385,1.172780877119374,0.6647643145718736,1.163871896765655,0.6562535543726218,1.156882018367608,0.6495637325181617,1.151253813150286,0.6441692383436696,1.146627277403446,0.639730116352774,1.142759340665731,0.6360163681933063
1.572121504984567,1.07191541993923,1.360465683652976,0.8433950539353334,1.284837214346234,0.7690380586127834,1.245356460783101,0.7309660818165901,1.220966308149247,0.7075355537342706,1.204364107997448,0.691577374627164,1.192322561124934,0.6799824457804335,1.183187735521236,0.6711696711160583,1.176021943375113,0.6642449612255747,1.170252918949392,0.6586626906425935,1.165511183825999,0.6540701626368013,1.161547328844662,0.6502288702059021
1.603737860248313,1.105944522896717,1.385260249713819,0.8658784429496714,1.307444737621825,0.78833867075641,1.266875098709555,0.7487446323881547,1.241830246455281,0.7244131182289065,1.224790209651719,0.7078567324098209,1.212435049399788,0.6958349745616614,1.20306452979031,0.686702195849509,1.19571519142437,0.6795287329950174,1.189799262535407,0.6737476826804979,1.1849373660828,0.6689928134605538,1.1808734724331,0.6650165855591618
1.636515871727185,1.142021854728575,1.410867961190288,0.8894797995639423,1.330760973966611,0.8085346802353814,1.289052106566186,0.7673181585814393,1.26332285200822,0.7420281569330858,1.245825360836765,0.7248362124705975,1.233142659414132,0.7123613870633377,1.22352604745242,0.7028891622443816,1.215985106456902,0.6954519714682403,1.209915851106598,0.6894602631387318,1.204928557624476,0.6845334109653849,1.200760278135956,0.680414274687822
1.670515835856684,1.180329838020285,1.437327400976666,0.9142820764707841,1.354818200000194,0.8296881148323183,1.311916799815124,0.7867397514044833,1.285471721482719,0.7604288014888976,1.267496035454178,0.7425607904597872,1.254471074228711,0.7296044741214937,1.24459738464117,0.7197717599154539,1.236856331974677,0.7120546434609749,1.230626968698449,0.7058394355546714,1.225508750312775,0.7007301812080594,1.221231495839109,0.6964595237948087
1.705801823382208,1.221072170713056,1.464679520031986,0.9403764628960447,1.379650612603033,0.8518667682102249,1.335500205669848,0.8070672642964879,1.308306043413346,0.7796674051456567,1.289830221523665,0.7610793260456939,1.276447436573603,0.7476106800805999,1.266305056929183,0.7373946647883234,1.258354900003729,0.7293800754449909,1.251958263390096,0.7229274639945457,1.24670328020359,0.7176245311942974,1.242312203217014,0.7131930348330887
1.742441896061709,1.264476810979587,1.492967807214787,0.9678634061862791,1.405294465990748,0.8751448729668959,1.359835184180784,0.8283638506471541,1.331856709991537,0.7998010091266208,1.312857526940532,0.7804449856436964,1.299100450373929,0.7664304961023427,1.288677097728164,0.7558064112723735,1.280508327093813,0.7474753098304183,1.27393684140456,0.7407702169741518,1.268538920108192,0.7352613829251332,1.264028897022849,0.7306589514961352
1.780508319937987,1.310799431003973,1.522238471286025,0.9968537841923669,1.43178821940236,0.8996038679716265,1.384956558858663,0.8506985743454286,1.356156437718221,0.8208918711132764,1.336609293628437,0.800715720673092,1.322460490341575,0.7861189046091991,1.311743164508754,0.7750598124396757,1.303345717947217,0.7663915069176098,1.296591368686382,0.7594175552415916,1.291043979508381,0.7536895498680861,1.286409591630277,0.7489052264652063
1.820077769109782,1.360327415532537,1.552540635512149,1.027470253942219,1.459172696109215,0.9253332753005106,1.410901257551495,0.8741471049165151,1.381239897609719,0.8430080655083267,1.36111872076578,0.8219548098707824,1.346559720294968,0.8067358826442704,1.33553465348874,0.7952124354626929,1.326897877314149,0.7861843993789681,1.31995218058488,0.7789237699803407,1.314248412446075,0.7729621621721802,1.30948392544077,0.7679840360386828
1.861231512049227,1.413384491785451,1.583926545137186,1.059848806861175,1.487491254438128,0.9524317048912948,1.43770846431203,0.8987925108818562,1.407143855687828,0.8662241668490583,1.386420997803101,0.8442314756852668,1.371432220910788,0.8283469732813805,1.36008482348169,0.8163271408164325,1.351197430836745,0.8069148073102687,1.34405140031653,0.7993480791135105,1.338183934053536,0.7931371480237935,1.333283275816508,0.7879522493106544
1.904055570251185,1.470336088491156,1.616451787753773,1.09414056651152,1.516789971463006,0.9810080084069283,1.465419783000906,0.9247261674658651,1.433907324511104,0.8906220297907385,1.412553448023285,0.8676215865612892,1.397114127650612,0.8510239358351107,1.385428929639977,0.8384726952460502,1.37627895556738,0.8286492232974784,1.36892306692485,0.8207551907285097,1.36288414643624,0.8142777798248727,1.357840883245243,0.8088719603070598
1.948640836347392,1.531595532806575,1.650175526264511,1.130513871671318,1.547117839944039,1.011182607849453,1.494079413360457,0.9520487977645428,1.46157172651907,0.9162916815374571,1.439555683423313,0.8922084590674588,1.423643779639157,0.8748454875553887,1.411604367864086,0.861724470290357,1.402179120927741,0.8514604786270769,1.394603273498919,0.8432159442409938,1.388384674664578,0.8364532954098515,1.383191985488819,0.8308110929700877
1.995083135807094,1.597631203693749,1.685160743655788,1.169156695779094,1.578526978969231,1.043089029349595,1.523734340257632,0.9808716700940112,1.490181069959151,0.9433323455548109,1.467469771711448,0.9180837763934594,1.451061880295911,0.8998981518146565,1.438650830681383,0.8861652402988545,1.428936840910574,0.875428503784995,1.421130316450081,0.8668080418344065,1.414723313671193,0.859739606356367,1.409373962509384,0.8538440906569243
2.043483213079571,1.668974767348033,1.721474498167661,1.210279463591942,1.611072858562675,1.076875678451323,1.554434536721489,1.011317978585555,1.519782138140193,0.9718536189645693,1.496340416211688,0.9453486428450792,1.479411670533539,0.926277230592741,1.466610475418022,0.9118860964631513,1.456593438352602,0.9006411988146211,1.448544856677358,0.8916168850158767,1.441940186884981,0.8842201076540326,1.436426493004003,0.8780527039511423
2.093946619726216,1.746230622142996,1.759188186586565,1.254118337632008,1.644814538244873,1.112707900331263,1.586233181277544,1.043524439352365,1.550424692696845,1.001976830331343,1.52621514944013,0.9741147977112024,1.508739115328551,0.9540879224405023,1.495528105492014,0.9389874964995188,1.485192822119909,0.9271954320283488,1.476890093471017,0.9177365339061999,1.470077917456404,0.9099866056566255,1.464391723405669,0.9035268931527531
2.146583479117793,1.830086673865033,1.798377812253081,1.300939060953135,1.679814919134279,1.150770377002342,1.619186889890253,1.077643140923599,1.582161691443078,1.033836609771697,1.55714454105594,1.004506016412251,1.539093104433679,0.9834466111883001,1.525451365636449,0.9675804733878062,1.514781678039855,0.9551981891018798,1.506211952005114,0.9452708102374624,1.499181812936556,0.9371403844577896,1.493314450221514,0.930365864913831
2.201508100237706,1.921326542029871,1.839124252891782,1.351041459286262,1.716141008628389,1.191269923962618,1.653355962542651,1.113843695370023,1.615049521223668,1.067582709652343,1.589182420779024,1.036659732342639,1.570525667926114,1.01448235562015,1.55643095180958,0.9977880311409628,1.545409674377345,0.984767898864647,1.536559285245308,0.9743345690976526,1.529300064256886,0.9657934347240653,1.523242316570544,0.9586792662416572
2.258838412928372,2.020843258492009,1.8815135214495,1.404764725053708,1.753864195950519,1.23443876133695,1.688804644078474,1.152315745933134,1.64914824591749,1.103382121848314,1.622386116689927,1.070728919511871,1.603092207156232,1.047338616358563,1.588520836449916,1.029746761132962,1.577129682576434,1.016035967305447,1.567984091037445,1.005055169400862,1.560483959807837,0.996069873748175,1.554226023744058,0.9885885636509103
2.318695199784413,2.129654452306412,1.925637010674694,1.462493628360691,1.793060535834853,1.280538349757396,1.725601398367821,1.193271898381088,1.68452186937686,1.141421546914304,1.65681670906132,1.106884284242549,1.636851741458032,1.082175263545226,1.621778509572451,1.063608719279001,1.609998013855352,1.049148557653703,1.600541745030875,1.037574179077186,1.592788115319546,1.028107591244069,1.586319558529779,1.020228640797755
2.381201107432602,2.248918910113613,1.971591709080035,1.524665826029427,1.833811036273516,1.329863899539634,1.763819194082457,1.236951157189592,1.721238612565228,1.181910281961789,1.692539299484436,1.145316824134858,1.671867170679082,1.119170917864392,1.656265235953712,1.099543612623344,1.64407467203336,1.084268662139433,1.634291249909516,1.072049358320854,1.626270720088726,1.062060162435248,1.619580436898965,1.05374965470504
2.446479434028479,2.379954248233797,2.019480372101107,1.591780468931667,1.876201944474213,1.38274968369711,1.803535799317302,1.283622964508304,1.759371203432693,1.225083607992958,1.729623294508025,1.18624082466937,1.708205553150729,1.15852568841653,1.692046328288538,1.137741353997825,1.679423622654297,1.121578520509223,1.669295501128145,1.108656973222399,1.660993799849561,1.098099078590677,1.654069964432527,1.089319198980003
2.514652712387051,2.524255220247279,2.069411627615433,1.664408339735689,1.920325022866642,1.439575311588659,1.844834080890696,1.333591960339901,1.79899717708271,1.27120677447776,1.768142702250684,1.229897378698735,1.745938398103984,1.200464384374406,1.729191435681068,1.1784150558017,1.71611307801875,1.161282451991127,1.705621568948513,1.147594503131802,1.697023496222081,1.1364163557133,1.689853513528381,1.127124832596584
2.585841140805149,2.683511903497052,2.121499989490109,1.743203786382963,1.966277804024081,1.500773151106356,1.887802302298038,1.387203607138537,1.840199182455059,1.320579699739711,1.808176439413661,1.276558532288613,1.785141970686175,1.245240293812818,1.767774846105493,1.22180454915666,1.754215797097831,1.203610181665828,1.743340995996676,1.189083818639204,1.734430362148946,1.177227595051817,1.727000816949812,1.167377045315473
2.660160956769802,2.859626656992007,2.175865746559067,1.828918748590408,2.014163809593907,1.566837123769719,1.932534411861337,1.444850851917244,1.883065289980785,1.373542531024583,1.849808644726792,1.326532182648941,1.825897606574387,1.293139643291536,1.807875800472644,1.268180533366208,1.79380939841648,1.248820759740407,1.782530108763355,1.233374923718696,1.773289671998133,1.22077558506625,1.765586276593757,1.210312746208421
2.737722900734847,3.054728329866387,2.2326346876516,1.922419200986495,2.064092713615104,1.638333139142165,1.979130309468637,1.5069820347747,1.927689292332647,1.430482238866618,1.893128992999771,1.380167881126467,1.868292031621042,1.344486876527433,1.84957881458234,1.31784948355704,1.834976682785406,1.297207193802532,1.8232703403709,1.280750376098502,1.813681743996557,1.267334554148427,1.805689285413688,1.256199380735749
2.818630973179466,3.271181749004851,2.291937616557703,2.02470434986153,2.116180424818769,1.715911482363736,2.027696076271279,1.574110295314791,1.974170987353198,1.491840457541058,1.938233001494476,1.437863727429347,1.912417679887578,1.399650920813327,1.892974003421771,1.371159472566529,1.877805961129312,1.349101940690119,1.865648560441007,1.33153052520304,1.855692271280607,1.317215207660694,1.847394559140937,1.305339805257168
2.902981739468888,3.511590074393146,2.353909605130828,2.136928909610018,2.170549055592423,1.800321520119936,2.078344146632778,1.646824778365809,2.022616428321741,1.558122828047863,1.985222317124655,1.500074581574379,1.958373000680229,1.459052646889424,1.938157399853969,1.428507097710235,1.92239138048066,1.404883437266031,1.90975740589908,1.3860797381552,1.899412655992282,1.370770712782888,1.890792472703608,1.358078076787753
2.990864470953596,3.778787254676762,2.418688929746375,2.260428732814173,2.227326737295587,1.892429143295564,2.131193395339717,1.725803997907321,2.073138121732304,1.629910153192043,2.03420496884304,1.567321868717108,2.006262741624099,1.523173773057198,1.98523125656435,1.490345745343329,1.968833238328629,1.464983889460878,1.95569560389793,1.444813822638675,1.944940338373965,1.428403831540071,1.935979393909649,1.414806351517917
3.082362412302554,4.075817640134566,2.486415638559928,2.396749950228203,2.286647232820307,1.993237413602276,2.186369105480384,1.811831782520195,2.125855146506387,1.707871736618744,2.085295564288611,1.640205310245797,2.056198190196446,1.592567518844747,2.034304316003585,1.557195477603013,2.017238271745685,1.529898587954665,2.003568274555651,1.508208902424948,1.992379109548058,1.490575447744968,1.983058003872044,1.475973129614013
3.177555420554702,4.405899924951993,2.557229707967984,2.547681560299002,2.348649288349523,2.103910917333829,2.244002773470692,1.905816294768382,2.180893160893029,1.792781349186536,2.138615403128113,1.719416983248657,2.108297350265985,1.667871378847265,2.085492027759214,1.629654887943176,2.067719902841342,1.60019707847174,2.053487196667177,1.576812058784063,2.041839392401578,1.557814789175016,2.032137589607242,1.542093137866989
3.276524123529519,4.772373095621587,2.631268770921096,2.715291049023638,2.413475658422314,2.225804336770327,2.304231697681687,2.008812685825111,2.238384254136384,1.885536345607886,2.194292471353433,1.805758190024271,2.162685022828997,1.749822464541273,2.138916686069128,1.708415346507778,2.120398415871054,1.676536586547698,2.105571013723035,1.651254120644695,2.093438469489425,1.630731714023545,2.083334288993839,1.613759207824714
3.37935559866679,5.178623019762444,2.708665442522849,2.901962067913211,2.481271733780664,2.360495704509003,2.367198286605041,2.122050006164167,2.298466589419562,1.987180538345152,2.252461270994373,1.900159708722523,2.21949275111197,1.839275951213467,2.194707451830739,1.794278144059269,2.175401033510762,1.759678182249784,2.159945350193744,1.732265069981792,2.1473006298593,1.710031512438451,2.136771261571204,1.691656587181556
3.486150397709973,5.627989713389685,2.789544334651506,3.110432395175699,2.552183703349276,2.509824671803901,2.43304901271706,2.246963027244381,2.361283773060068,2.098931516914913,2.313262428369157,2.003706092098467,2.278858579452202,1.937227267402783,2.253000213300361,1.888175144066767,2.232861850182971,1.850506270448598,2.216742798872589,1.82069262775639,2.203557197925841,1.796532771412707,2.192578750214541,1.77658021828546
3.597030570962227,6.123657079048634,2.874018944017616,3.343829306174109,2.626356194867654,2.675935846477959,2.501932931352677,2.385229611541198,2.426983873440057,2.222213165256748,2.376842011572775,2.117664776184178,2.340926563035597,2.044838771290259,2.313937227718135,1.991193664571395,2.292921568789926,1.950052106066234,2.276102728951202,1.917524699919052,2.262346396776521,1.891188965157937,2.25089398830931,1.869455630863302
3.712148216069817,6.668528826872421,2.962188714907177,3.60569806764871,2.703929369506837,2.861326767483152,2.573999683512433,2.538814157841363,2.495718003603459,2.358694153934899,2.443350475455512,2.243520839980362,2.405845952261065,2.163471763132868,2.377666472655468,2.104606428698554,2.35572697391937,2.059522157527331,2.33817085146007,2.023916490265321,2.323812985524497,1.995114562197556,2.311860894551947,1.971364226084786
3.831694023505285,7.265096126158817,3.054136707840128,3.900017594542676,2.785035501813142,3.068899290126222,2.649396912877835,2.710017383712511,2.567638377063053,2.510333128918024,2.512941141899312,2.383018295601385,2.473769962540198,2.29472476765206,2.444340621854491,2.229907532770898,2.421430060140564,2.180332266409984,2.403098464143668,2.141223220691902,2.388107595795352,2.10961657991231,2.375629483081891,2.083573872368788
3.955905329791093,7.915304020816617,3.149928425240038,4.231195525492277,2.869795164991845,3.302011952282066,2.728267057674048,2.901532199465752,2.642895752163772,2.679431124158021,2.585768118231341,2.538208743447638,2.544854030208759,2.440479054531808,2.514115547539994,2.368855460744586,2.49018671978616,2.314148659108932,2.471041282825508,2.271039525472378,2.45538567698181,2.236232655773144,2.442354900962542,2.207575880637778
4.085073312076821,8.620424551656491,3.249612418512773,4.604033393360635,2.958313267555273,3.564529174389338,2.810743536413829,3.116504559508376,2.721636203593254,2.86869130140967,2.661983562584055,2.711508032146942,2.61925345209533,2.602952297863123,2.587148242904792,2.523524183032183,2.562154883247604,2.462936924791431,2.542157753009366,2.415246677821157,2.525805945326493,2.376776819558385,2.5121959896066,2.345129558925739
4.21954913469305,9.380944720537618,3.353223282585895,5.023651679219967,3.050675348147116,3.860860850962839,2.896946442527867,3.358596801599257,2.803997209848552,3.081285341203425,2.741734229846931,2.90576111748119,2.697120316627564,2.784761025901457,2.663594060032428,2.69636325086911,2.637492000774834,2.629020028125675,2.616606727684587,2.576068817533393,2.599528221517184,2.53339420209214,2.585313254504392,2.498315627952226
4.359749048988335,10.19647687102515,3.460787492743933,5.495364983149014,3.146944715176393,4.195983057659356,2.986978003607367,3.632048944077205,2.890103133676262,3.320924507168934,2.825157286049067,3.124314474230441,2.778599667385858,2.988991959543644,2.743603177946373,2.890267431366864,2.716351765076575,2.8151461867595,2.694544401249269,2.756139200713543,2.676710540835443,2.708625835213455,2.661866123558967,2.669599749409907
4.506158612738989,11.06569781406921,3.572332236890092,6.024500006879244,3.247161182101467,4.575427458410689,3.080918246102313,3.941730576225476,2.980060308813242,3.591931383937341,2.912375474773277,3.37109398713297,2.863824907668204,3.219281308622809,2.827316263816017,3.108655670464729,2.798880008770959,3.02456687677283,2.776120414375582,2.958577065265874,2.757505437476108,2.905484375254189,2.742009386305073,2.861907177429944
4.65933630724314,11.98632123829922,3.687896970799692,6.616154038049436,3.351342242354184,5.005224085233296,3.178821520581106,4.293172325259443,3.073952135144352,3.899305348985473,3.003491867822504,3.650683997952235,2.952912570251415,3.47989936015847,2.914859381204889,3.355557807376105,2.885209783141584,3.261124137599599,2.861473103113497,3.187074817967609,2.842055352404274,3.127540851168238,2.825888745624638,3.078708935837981
4.819916877938084,12.95510580005804,3.807546955091848,7.274899221395007,3.459487480987142,5.491780396430153,3.280714747979141,4.692561625270971,3.171834816609604,4.248770856770317,3.098584638812819,3.968399874026689,3.045956751353466,3.775834978254165,3.006338346533783,3.635705219097718,2.975455749663644,3.529344464713021,2.950723972770668,3.445993646772506,2.930487207129925,3.379021157957022,2.913635495076832,3.324118721199796
4.988614711994075,13.96789899093874,3.931387641900394,8.004447455146503,3.571586771421027,6.041680186985914,3.386598378487718,5.146683257020595,3.273734619728488,4.64679267027314,3.197702552614493,4.330341924535897,3.143023744125876,4.112870670492915,3.101832947738947,3.954618133778664,3.069708206226455,3.834533576744247,3.043971648058144,3.740463018176689,3.022906340152352,3.664908664515135,3.00536047533263,3.602997620850501
5.16622750713097,15.01971462799468,4.059578589964553,8.807300797440952,3.687632333925687,6.661390492631,3.496451025984513,5.662782040641154,3.379647722433156,5.100536754166672,3.300862129599647,4.743412789260662,3.244147687796684,4.497633501855678,3.201391712668511,4.318677440936572,3.168027329028774,4.18286188566426,3.141285793956608,4.076475464391969,3.119390230300436,3.991045597733357,3.101147676525062,3.921060325532579
5.353640395934189,16.10483978345422,4.192345673692365,9.684420690780323,3.80763409092769,7.356874282732476,3.610238469432446,6.248324933857336,3.489543770172163,5.617750766857157,3.408047650516203,5.2152740945609,3.349328325295911,4.937600507156344,3.30502821793945,4.735162362784848,3.270438520352105,4.58142435742592,3.242701807557707,4.460962281118483,3.219982729349605,4.364220426286058,3.201048142187914,4.284971395447581
5.551830582886714,17.21696531845329,4.329990703532764,10.6349538172412,3.93163708350239,8.133121708134391,3.727927160865416,6.910644831353779,3.603374055634657,6.206535896182768,3.519215210926128,5.75421250834276,3.458532146715914,5.441030128732735,3.412720191913046,5.21222771523504,3.376930057831637,5.038250742639209,3.348217408671106,4.901828176370486,3.324689864312238,4.792221100364221,3.305075172226417,4.702413015302558
5.761872435671228,18.34933302410523,4.47289809434347,11.65605118064746,4.059739212221136,8.993631534062704,3.849501601959651,7.656460622428879,3.721084718926067,6.874984883182146,3.634301797817411,6.368882627311788,3.571698167183497,6.016785307955937,3.52441277602436,5.758786895926949,3.487454443313425,5.562233703104062,3.457792520195703,5.407914052164133,3.433478573454386,5.283824994756886,3.413202153135973,5.182096657509437
5.984942850698128,19.4948917728247,4.621538760331116,12.74280940152282,4.192107417943254,9.93989370883047,3.974984117697514,8.491288388461838,3.842634545665982,7.630672426191446,3.753239768002403,7.067897660428956,3.688749224475243,6.674012110813439,3.640027130776857,6.384261625166255,3.601934811824817,6.162935127312628,3.571353896389806,5.988848527284206,3.546279885479864,5.84868697989397,3.525364548067295,5.733681114646255
6.22232658289774,20.64645506067171,4.776471843912642,13.88835001428329,4.328990707146949,10.97093873001632,4.104454919989583,9.418785422707677,3.968015974331355,8.480005806055436,3.875976185967189,7.859252253044608,3.809608925252804,7.421644144899903,3.759474996649195,7.098160642626433,3.720277346422215,6.850228373160497,3.688805677583765,6.654743584688966,3.662997882484592,6.497079895756176,3.64146750075726,6.367550808475976
6.475421085525576,21.79685284081285,4.938345120818163,15.08403596978929,4.470729083740268,12.08302416700599,4.23807016016206,10.44009717068468,4.097277087250002,9.427475003400184,4.002495409425916,8.749587583135629,3.934223296091535,8.267721633995272,3.882678840280312,7.909461743522251,3.842389788014263,7.633741127531837,3.810046318311635,7.415692550246684,3.78352517161502,7.239441287002133,3.761399994967436,7.094405313582111
6.745740238802023,22.93907152271172,5.107894953993617,16.31980762894221,4.617758277231768,13.2695195647628,4.376076032670059,11.55329938401113,4.230541960835812,10.47487812341875,4.132842412286855,9.743346437889373,4.062585057514037,9.218547176361959,4.00959600084115,8.825798843951153,3.968204923451036,8.522085161365007,3.934991182576235,8.281045123350509,3.90776450835102,8.085692427305688,3.885055506266637,7.924619533139135
7.034916147483339,24.06637731710764,5.285946537794938,17.58460642079601,4.770610913492186,14.52102757886608,4.518817827914829,12.75303489626701,4.368026988778899,11.62063036420386,4.267143953124324,10.84190952367929,4.194757612102918,10.27774583568077,4.140244146720657,9.852499102230798,4.097706673424215,9.521898557762261,4.063598760075704,9.258468956848031,4.035654845703848,9.044326002349933,4.012357715811731,8.867360188821067
7.344697948117677,25.17241959777938,5.473414949040216,18.86684545885334,4.929915271840223,15.82574539868187,4.666743879197825,14.03042991122065,4.510051638984486,12.8592810298505,4.405625039959161,12.04284218636744,4.330895673497507,11.44534661742714,4.274724776164582,10.99156915146558,4.230955516745086,10.63678066548093,4.195897350227225,10.35286046585393,4.167198820384672,10.12130944311949,4.143288484505284,9.929491883224998
7.676946279670723,26.25131247978463,5.671307265988209,20.15488393698997,5.096392938290355,17.17003361264003,4.820405288333492,15.37333771652595,4.657043297946228,14.1813525510868,4.54861914975473,13.3393979866598,4.471260104025158,12.7170403696688,4.413241741304551,12.24078092874469,4.368109873511679,11.86625943182104,4.332008640915766,11.56523119847387,4.302488015139017,11.3189163833564,4.277914409367383,11.11437176058024
8.033621732864406,27.29769424799721,5.880725773077728,21.4374658292841,5.270856539821906,18.53912826585145,4.980452905027636,16.7669049247642,4.809537013739407,15.57357412096969,4.69657201139109,14.72040919355238,4.616225803366217,14.08377789377798,4.556112836647759,13.59303701915531,4.509440866480821,13.20497588577211,4.472165134717232,12.8917526343364,4.441722606585635,12.63466335108981,4.416408322211703,12.42070205756415
8.416765206698747,28.30676550619184,6.102872057069844,22.70409188894717,5.454208434988939,19.91791308547938,5.147633193765283,18.19439945670452,4.96817174442781,17.01951669022706,4.850040016643068,16.17064012479465,4.766282975913601,15.53183858729906,4.70377403213969,15.03618391431125,4.655339361891058,14.64227897531299,4.616719737897263,14.3231676873465,4.585223220393058,14.06056821738762,4.55906314161768,13.84166062692555
8.828467678288192,29.27430788987126,6.339051618383804,23.94530509718101,5.647440858281088,21.2916661424466,5.322784416349599,19.63819519355057,5.133685005035785,18.50056186052835,5.009685132873344,17.6715967431219,4.922033326503409,17.04342420238093,4.856777431115257,16.5533802245218,4.806315854907695,16.16237971481864,4.766147569875214,15.84475018989179,4.733434577023453,15.58293609506694,4.706297229850006,15.36453330433161
9.270826463545259,30.19668586943606,6.59067845722295,25.15288136852218,5.851637656061582,22.64670756296875,5.5068341383753,21.08078679438852,5.306907631786322,19.99707538119732,5.176268418850154,19.20269666873662,5.084183380446242,18.59773090577203,5.015785046885391,18.12402468086378,4.962995074301182,17.74511763028732,4.921041587482809,17.43690776419896,4.886922216468613,17.18280441903461,4.858652232987794,16.97101052006612
9.74588466468202,31.07083457503287,6.859278929688699,26.31992766649498,6.067977454352285,23.97089767939488,5.700798587844957,22.5057135124825,5.488759917906895,21.48962378155916,5.350643975936181,20.74263412485239,5.253537141822743,20.17235490075321,5.181560821034849,19.72513294050776,5.126107808126457,19.36726737830194,5.082104513286724,19.07639540292149,5.046364718191604,18.83705223139007,5.016785709065618,18.63818808527698
10.25555025358704,31.89423674179529,7.146493986171494,27.44089756375094,6.297737869654481,25.25396190437923,5.90578396163762,23.89829875675434,5.680249814009208,22.96007733494832,5.53375460953505,22.27074458318993,5.430989855689862,21.74482268469214,5.35496302953619,21.33295873729344,5.296482375062857,21.00419715235691,5.250139686771402,20.73797412705158,5.212544162944749,20.52003417154273,5.181461368286977,20.34016006858668
10.80149126182072,32.66489186723054,7.454078686890871,28.51153923946655,6.542300196451971,26.48764369150994,6.122989438697649,25.24615279938795,5.882473371313652,24.39247910583066,5.726629847106608,23.76819010068252,5.617523974732697,23.29402504751204,5.536938584073304,22.92461317719431,5.475037597195813,22.63162081264443,5.426042984903877,22.39625477371108,5.386337222010048,22.20548438833166,5.353539505622253,22.04995894632249
11.38500403074286,33.38128056621279,7.783897625446488,29.52879307609447,6.803153852174218,27.6657061125124,6.353711417826479,26.53942808960694,6.09661720725858,25.77361447832208,5.930386409309363,25.21883907561699,5.814207767562682,24.80137355629802,5.728520001601154,24.47945598069161,5.662778361800786,24.22718314968922,5.610797185568839,24.02744137431164,5.568708502849016,23.868387742435,5.533969480920301,23.74152960263949
12.00685267889316,34.04232698046383,8.1379145738526,30.49065591381022,7.081899704646988,28.78381409431501,6.59934832579428,27.77085102283968,6.323962497163172,27.09327193698255,6.146230823675154,26.60978399716113,6.022196472138025,26.25157187989965,5.930825173290844,25.98010191131873,5.860794131658112,25.77167741490272,5.805469354082972,25.61073512261353,5.760706939682387,25.48654709908324,5.723785228857683,25.3914392234056
12.66708019357016,34.6473620175931,8.518174292288927,31.39602733051207,7.380251224996062,29.83933352923739,6.861405201924574,28.93557593332909,6.565889812583926,28.3442309501425,6.375463602020547,27.93150714457639,6.242735529751582,27.63297655799777,6.145059596403669,27.41297760944343,6.070260203726562,27.24979048199771,6.011211191514894,27.12925602208781,5.963465305097448,27.04166814609023,5.92410400794597,26.98011190936515
13.36479521716571,35.19609021026147,8.926774034878807,32.24455072298593,7.700032183157005,30.83108191081542,7.141497124174614,30.03091602414165,6.823883993678022,29.52204004714962,6.619484233685109,29.17775259609149,6.477165207440502,28.93759044546048,6.372520436744019,28.7684500052854,6.292441149524644,28.65037074651183,6.229261848360906,28.57044935229545,6.178202418916247,28.51990041725781,6.136128038195348,28.49249862710408
14.09794402362112,35.68856311899406,9.365821856191452,33.03645904631598,8.043169322797832,31.75905995984179,7.441350371913565,31.05600441265773,7.099538118101798,30.62465743473466,6.879796126762316,30.34518779587233,6.726925777601526,30.1607746554003,6.614601617369396,30.04060782152261,6.52869565845227,29.9662908040096,6.46095245170196,29.92603590581731,6.40622733116273,29.91187798083377,6.361148334496013,29.91820897159319
14.86308457034744,36.12516242803296,9.837378432137561,33.77243224288206,8.411678114331018,32.62418686631651,7.762800003226315,32.01143023943971,7.394555480257833,31.65202185792458,7.158010514115309,31.43294150908112,6.99356231908993,31.30077981700268,6.872799021288703,31.22680581755025,6.780481884896652,31.19401887246466,6.707711455634884,31.19162055510314,6.648944596508248,31.2123719973935,6.60054986054602,31.25121230448407
15.65518872003193,36.50659611545898,10.34337883694924,34.45347092071444,8.807639295116333,33.4280547930835,8.10778224890827,32.89888356005498,7.710748299690376,32.60560855392615,7.455848196637039,32.44209381197301,7.278728090271344,32.35819087128936,7.148714799086189,32.32708159977343,7.049362311029974,32.33302130745622,6.971069837453227,32.36609115595826,6.907859667630355,32.41969427777526,6.855817032718828,32.48925234405888
16.46750895915073,36.83391114663178,10.88553069360787,35.08078885294678,9.233163484771119,34.17271211579856,8.478319789019956,33.72083133218165,8.050031623149902,33.48800928605706,7.775137800974895,33.37517523821452,7.584185270788875,33.33536044521553,7.4440596479334,33.34353679536945,7.337007033272658,33.38510316194986,7.252665072425805,33.45092815412008,7.184583355068207,33.53498391071516,7.128538529862901,33.63311737754318
17.29155538591788,37.10852577078884,11.46518552470886,35.65572539895184,9.690340750235659,34.86047996564974,8.876497588691148,34.48023694073441,8.414410567188781,34.30256029090222,8.117808971012304,34.23571237198919,7.911801656760197,34.23588239098668,7.760651751545405,34.27974847592532,7.645194230680675,34.35376647608039,7.554242691588025,34.44951760626401,7.480834189556243,34.56148179922578,7.42041026685354,34.68588212820845
18.11723425511491,37.33228330938686,12.08318122815076,36.17967796598731,10.18117165783905,35.49380308908668,9.304426549444376,35.18032812155097,8.805958672740486,35.05302956009195,8.485878589272023,35.02783983552394,8.263541615528322,35.06413515015561,8.100410828296853,35.14025077665448,7.975806360629377,35.24363667762603,7.877654038210393,35.36652830433169,7.79843735405369,35.50386380748984,7.733235237678643,35.65220160062308
18.93319642857014,37.50752683821274,12.73965570920231,36.65405407723797,10.70747619559119,36.07513371719737,9.764191822428067,35.82441292059178,9.22678472837862,35.74336588922137,8.881427743697204,35.75598545303622,8.641449262295422,35.82490720105027,8.46534542386838,35.93010518486951,8.330820344507615,36.059982217758,8.224848579881987,36.20738499487114,8.139318614345628,36.36767144076572,8.068918712974662,36.53770271829945
19.72742740340135,37.6371899152054,13.43383518817184,37.0802424121924,11.27077713799512,36.60684581843262,10.25778230141704,36.41574014854456,9.678985001575199,36.37750637388145,9.306566737930465,36.4246265797666,9.047621424326113,36.52310478634519,8.857531212423245,36.65456258767887,8.712289656926215,36.8083339209164,8.597858804800561,36.97784790575396,8.505491367194361,37.15885423377618,8.429456983273477,37.34849203671779
20.48807583495137,37.7248922403232,14.16380593447685,37.45960225460426,11.87215518146555,37.09117654156735,10.78699767739065,36.95739919437378,10.16457746056219,36.95923590374002,9.763385029392143,37.03811052995344,9.48416753634794,37.16353488343317,9.27907765610963,37.31881061798563,9.122315830753502,37.49419860777402,8.998775343834343,37.68369450951364,8.899034551790741,37.88342142033892,8.816917478868385,38.09077895938698
21.20446422572046,37.77502118303544,14.92628539463246,37.79347102805117,12.51207479447835,37.53019161353464,11.35332965713198,37.45225357333356,10.68541437399539,37.49209097243352,10.25388263709937,37.60052977820776,9.953153212652081,37.75075288122077,9.732079954489047,37.92779495352319,9.563006467337088,38.12285518994723,9.429709539102346,38.33049156697125,9.322058754681727,38.54719102639113,9.233407688187739,38.77060291000287
21.86816089172347,37.79277187745633,15.71641780542179,38.08318990489243,13.19018255775661,37.92577175360096,11.95781475448483,37.90290280226286,11.24306979214183,37.97930011908396,10.77987939716462,38.1156422127119,10.45652394807911,38.28896348256883,10.2185528575828,38.48610160941108,10.03641644961817,38.69921906065832,9.892740270323616,38.92344229556796,9.776657419694535,39.15562046017207,9.681029873691029,39.39364794698351
22.47393361298417,37.78411294349146,16.52762972326799,38.33014768936057,13.90508419538992,38.27961765941549,12.60085775366639,38.31166781072589,11.83869905466922,38.42375402116875,11.3428986169072,38.58682741909761,10.99600533591876,38.78196394915326,10.74034272025831,38.99788767019292,10.54446878138372,39.22776074443822,10.38984152651252,39.46729331880419,10.26483971862005,39.71370211019588,10.16181820699883,39.96512733038525
23.02037775539723,37.75564608403702,17.3515907830214,38.53584309055488,14.65411283611706,38.59327170363984,13.28202787873053,38.68059589716887,12.47286891922666,38.8279992952524,11.94402241100811,39.01707121244119,11.57297653658466,39.23312018914157,11.29901429346624,39.46684937625692,11.08885144964131,39.71246626772795,10.9227870883353,39.96628753271991,10.78844144939387,40.22590887972667,10.67765470788809,40.4897218715922
23.51003964431409,37.71434019359022,18.17833141660577,38.70196483455045,15.43310939469274,38.86815506126698,13.99983426228778,39.0114820872786,13.14535950994144,39.19425119207592,12.58371758820857,39.40897204568735,12.18831473501458,39.64536785305889,11.89570939394787,39.89621836195114,11.67088711824805,40.15682877373604,11.49302893540647,40.42415122948241,11.34901046090003,40.69617689964573,11.23016041755703,40.97155828829493
23.94894910760581,37.66714604145803,18.99656775986015,38.83048746534823,16.23624595606382,39.10561947304748,14.75149380199404,39.30590456282064,13.85494342856448,39.52442145803473,13.26163375110049,39.76476429285874,12.84221030582873,40.02123224940365,12.53097605375735,40.28877874509915,12.29137356745413,40.56386303894531,12.10154684897591,40.84410615822325,11.94766377552161,41.12791518316394,11.82055876886781,41.4142164672821
24.34561543429446,37.62053222560527,19.79426915187632,38.923777778205,17.05593349523095,39.30701311883833,15.53271300519984,39.56527254785178,14.59915339589217,39.82015860824322,13.97637965931692,40.08635463018788,13.53395573731158,40.36286236753642,13.2045693757602,40.64689948557012,12.95039492432218,40.93613649418371,12.74866845144538,41.22889935989426,12.58491508181453,41.52403433654069,12.44950940938955,41.82075706589805
24.70968307824232,37.5800160448636,20.5594707058182,38.98470235130145,17.88286378982976,39.47375995564956,16.33751553968681,39.79088561393765,15.3740578559899,40.08289868904287,14.72529021825591,40.37536878301852,14.26171642789466,40.67207554779822,13.91522949857732,40.97257788646341,13.64710726358127,41.27581200487125,13.43386197876826,41.58084545044456,13.26047395620725,41.88698845251242,13.11691313062247,42.19376305954114
25.05053234828505,37.54977938102036,21.28128116495203,39.01672069787013,18.70623813253267,39.60745113117679,17.15815767734559,39.98400372417957,16.17407381977125,40.31392528466707,15.50420481215923,40.63320677328206,15.02229854120902,40.95041037221549,14.66044815221719,41.26749130473588,14.37950747485154,41.58469901323251,14.15550880866603,41.90187752396424,13.9730224353005,42.21882595312144,13.82169244747804,42.53539061842933
25.37610996026588,37.53244853632358,21.95097076098575,39.02394202694752,19.51422727309302,39.70994541297662,17.98518215270349,40.14592735715837,16.99185683262253,40.51443801488811,16.3072877629134,40.86110550268965,15.81093817870338,41.19918619334031,15.43624342731956,41.53305510734982,15.14420164960026,41.86431073202622,14.91066948152024,42.19360404690585,14.71998074703907,42.52124645658247,14.56155812384984,42.84742610902455
25.69218770477721,37.52907879207265,22.56296141499933,39.01111855637604,20.29468249187916,39.78347266291278,18.8076631870012,40.2780865439593,17.81831716042331,40.68562900676672,17.12693231683701,41.06020803298876,16.62114661580789,41.41956840074342,16.23697232626936,41.770485701479,15.9361985796928,42.11592596462027,15.69486572075944,42.45737008428662,15.4972822751678,42.79566179223336,15.33277976823287,43.13134714111224
26.00211433034925,37.53933310972064,23.11550779267687,38.98354817442262,21.03607347026867,39.83073006152868,19.61368628889888,40.38213633997923,18.64281547297256,40.8287666603906,17.95379838753442,41.23163921944498,17.44465670618617,41.61263903899811,17.05522138850426,41.98086810995699,16.74876459582224,42.34065485842252,16.50191133672542,42.69432200224988,16.29918789445078,43.04326015290607,16.12998836699175,43.38838650306911
26.30699930807305,37.56180001760115,23.61087879585409,38.9468679794878,21.7285669889382,39.85495530991858,20.39108049762013,40.46005381702084,19.45358541797194,40.94528522523789,18.77703746161948,41.37658727612765,18.27152290229534,41.77947266545171,17.88182499282624,42.16522802973163,17.57338621161036,42.53950848319668,17.32383554555895,42.90547545655807,17.11818060506248,43.26507309984756,16.94604941676478,43.61959860279935
26.60618714807301,37.59437361908643,24.05493776538528,38.90674030898511,22.36509315501909,39.85995554438947,21.12837482597738,40.51422786562389,20.2384089081294,41.03687693102736,19.58475037739692,41.49639014885095,19.09042724833601,41.92121719508032,18.70606515096703,42.32460848439718,18.39989378434839,42.71347248797065,18.15095052368316,43.09178696032099,17.9449906494855,43.46204570245263,17.77205518765104,43.82592865966309
26.89785946971725,37.63462218758286,24.45616107379324,38.86846224882672,22.94219508661627,39.85006759667182,21.815887627433,40.54752808731804,20.985528633323,41.10558034754124,20.36469951228266,41.59262388879647,19.88923060076093,42.03917862206406,19.5161005841242,42.46015081965337,19.21679801958401,42.86358503768156,18.97211677119564,43.25422947388528,18.76880523339914,43.63511038227669,18.59749015126637,44.00828527719988
27.17962689236598,37.68009337650997,24.82428420281893,38.83655976212943,23.46045171172881,39.83002808073058,22.44679000385718,40.56333380892136,21.68472227265439,41.15385420057978,21.10525262880304,41.66718720248866,20.65577695149101,42.13490653990509,20.29965090431038,42.57317852459332,20.01187594555416,42.9910184347142,19.77524958674444,43.39387198577187,19.57771036397029,43.78526478343976,19.41061977714865,44.16761694310317
27.44902082082464,37.72853162443177,25.16886418850303,38.81444530202252,23.92432279908857,39.80474406817578,23.01793533925282,40.56550100741183,22.32839416665552,41.18462063863589,21.79647325632653,41.72237191635487,21.37890699670414,42.21027397337266,21.04491969742196,42.66527978501747,20.773008862584,43.09716187292022,20.54808209720263,43.51196155151631,20.35938941451658,43.91365282776463,20.19913394935884,44.3049920943557
27.70384498603696,37.77800695961447,25.49805637257187,38.80421176535883,24.34138914900352,39.77897767571146,23.53024489068726,40.55824713302787,22.91248382183259,41.20125768740014,22.43120361813876,41.76090387384181,22.0495701442028,42.26754025872225,21.74167932168547,42.73838058708781,21.48922032165568,43.18369932238982,21.27915184940748,43.61000333830691,21.1020598253775,44.02164562118032,20.95103752809852,44.42168023589559
27.94238521631424,37.82696935288282,25.8178204590025,38.80660431207119,24.72111599641249,39.75698615789669,23.98850448389722,40.54594489859041,23.43697480497045,41.20752043441313,23.00593328675931,41.78593463147333,22.66185773508839,42.30938053821965,22.3823706393652,42.79479503003421,22.15179378844496,43.25267172163824,21.95891247842597,43.68982981413546,21.79556729510145,44.1109148672476,21.65572198215694,44.51922794785003
28.1634991903415,37.87424893970528,26.13163465333925,38.82116598039392,25.0733978904566,39.74218258949496,24.40055617849766,40.53283698386447,23.90583630387415,41.2073779623329,23.52123866636656,41.8009643935729,23.2137402619781,42.33886216196134,22.96301418469864,42.83723485308919,22.7552846232682,43.30650752345282,22.58080321027576,43.75364502388982,22.43248682544605,44.18348636459129,22.30508215203109,44.59951873032313
28.36661756023259,37.91902225833928,26.44066288849548,38.84651143530181,25.40719551852378,39.73688854807537,24.77602557500962,40.52270995744656,24.32634624076166,41.20477016285632,23.98163729348003,41.80968444645213,23.70730610010542,42.35935032326953,23.48371416423719,42.86875892802384,23.29820634274803,43.34800256418931,23.14206152156807,43.80402582335064,23.00902418092728,44.24175656765485,22.89448090346484,44.66480078074206
28.55168802143831,37.96076106959501,26.74423247487327,38.88066073556679,25.72952848652363,39.74223256927826,25.12485250286322,40.51858754056533,24.70790080643935,41.20331281685539,24.39482612677412,41.81574455000136,24.14838447054089,42.37433573309536,23.94858726795873,42.89264908913065,23.78319462983172,43.38023255701783,23.64406721833603,43.84386207530689,23.5254987264759,44.2884538515433,23.42334003226967,44.71766446697973
28.71908894973325,37.99917565869099,27.04045304077329,38.92136617161121,26.04496646102125,39.75821113024508,25.45593802456399,40.52250892052471,25.06055563888068,41.2060024584078,24.77043123910967,41.82247433507428,24.54557870815627,42.3871963940155,24.36506737556944,42.91221322252701,24.21654716029866,43.40639211179995,24.09207896842736,43.87622533776432,23.98624281190954,44.32653130345395,23.89517446172502,44.7609546610729
28.86953240639988,38.03416016581004,27.32683105714515,38.96638383011354,26.35561739669855,39.78388723482128,25.77616651430521,40.53544096464803,25.39361182218623,41.21498316459633,25.11853021936562,41.83260923122273,24.90889302773088,42.40092876618111,24.74269528456439,42.93053803275012,24.60718627959591,43.4295729555445,24.49436044853877,43.90417159151338,24.39887534603573,44.35899141617517,24.31699609648969,44.79761454669621
29.00396965622871,38.06574405954191,27.60078354343309,39.0136665506635,26.66149873175132,39.8176718741399,26.08993498026113,40.55733855317882,25.71452781153288,41.2314274873351,25.44826343069754,41.84807985441584,25.24824644609917,42.41790121773239,25.09164350879805,42.95023507171445,24.96524682380183,43.45251587820577,24.86085332505418,43.93050474243359,24.77306664045924,44.3886630222575,24.69816955193822,44.83047607363167
29.12350683271107,38.09405146541815,27.86000686559916,39.06147685448389,26.9611240782754,39.85762493016249,26.39917757437471,40.58732886153828,26.02832363338701,41.25555474683946,25.76680429459516,41.86991219581986,25.57218556331246,42.43968461245908,25.42129287370668,42.97323419257395,25.30059224721856,43.47738650550755,25.20167831190009,43.95754589674329,25.11905091730851,44.41797034915238,25.04895112319911,44.8620322175629
29.22933430966689,38.11926855028508,28.10269764414364,39.10843248048,27.25214275299456,39.90172289731464,26.70376356426868,40.62396861507509,26.33749748532285,41.28677333595866,26.07883549442068,41.89825700388084,25.88702839660807,42.46699734836313,25.73914308193528,43.00067112431571,25.62156691874645,43.50562522181575,25.52578242155345,43.98695917254145,25.44620542938421,44.44874373788586,25.37902520288324,44.89423856854896
29.32267060372759,38.1416183206941,28.32764784975971,39.15350306037475,27.53191159064519,39.94806219102753,27.00209836460063,40.66551625660721,26.64235295396169,41.32390459838766,26.38653148972811,41.932532233489,26.19653223947935,42.49977112866803,26.05022218632954,43.03289130342097,25.93420193003479,43.53790371658698,25.8399866499113,44.01967291453042,25.76197582414368,44.48211463433424,25.6963348625284,44.92838886442134
29.40471997906513,38.16134180511455,28.53424674099966,39.1959763928889,27.79793268859011,39.99498882631868,27.29176607196404,40.71017166690709,26.94157120536024,41.36543421495519,26.68993221515592,41.97163651348022,26.50203758712301,42.53731226745386,26.35701222224196,43.06956037576076,26.24194836100087,43.57419124747395,26.14855505044897,44.05590915324415,26.07130687746176,44.51851500283782,26.00639645642736,44.96509003282129
29.47664206316276,38.17868448330752,28.72242275191537,39.2354094838164,28.04813840122928,40.04116142104852,27.57009630442699,40.75625604610512,27.2328595371159,41.40974334429931,26.98753783966483,42.01418274211468,26.80294483875657,42.5785138024016,26.65978621482124,43.10984614942104,26.54587419184431,43.61390525931184,26.45326049241203,44.0953049332528,26.37658940228964,44.55777253030195,26.31214051910883,45.00433461051311
29.53953145103953,38.19388687805039,28.8925533338173,39.27157519729281,28.28103731112032,40.08556289717612,27.83459283630649,40.80232463839557,27.51354636326843,41.45528905466927,27.27695887780727,42.05870853719019,27.0973487193582,42.6220712035803,26.95718874377222,43.1526261459521,26.84517325364808,43.65610448160571,26.75381584768472,44.13708863708864,26.6780137682896,44.59926993616674,26.61419088495362,45.04564381632066
29.59440527158892,38.20717835301387,29.04536360693396,39.3044113327447,28.49575136655158,40.12747818739127,28.08320851238706,40.84721942377946,27.78104724610243,41.5007229246646,27.55549855780249,42.10383720965169,27.38267687207901,42.66666572888824,27.2468904358475,43.19667986351926,27.13781067630357,43.69968186778338,27.04849581377691,44.1802688847697,26.97416012999448,44.64212731520073,26.91141945968027,45.08824214940601
29.64219686698524,38.21877331606746,29.18182766373632,39.333975776579,28.69197853850084,40.16645318844484,28.31448220945721,40.89007618167369,28.03317668868155,41.5449517153087,27.82059948372445,42.14838086580737,27.65622920898258,42.71109669423472,27.52618640025301,43.24083946248491,27.42115610624199,43.74352599412245,27.33478806046108,44.22380142225091,27.26265606620397,44.68537107664802,27.201602709509,45.1312261652361
29.68375399624726,38.2288691815615,29.30308054993028,39.36040917704889,28.86991200560919,40.2022464448165,28.5275690067965,40.93030176252702,28.26831574282529,41.58715239004157,28.07013521358269,42.19139062192321,27.91556917090372,42.75435980931734,27.79246372106259,43.28408907420312,27.69250809723791,43.78663545079713,27.60995951373618,44.26671410291867,27.54077340291042,44.72806620726201,27.48204051707436,45.17370162187565
29.71984025581701,38.2376455841914,29.41034464851526,39.38390521984732,29.03014012927244,40.23478115132565,28.72219811199238,40.96753531204922,28.48546439682642,41.62675622635219,28.30256045950731,42.23216598832695,28.15876159505104,42.79567930747019,28.04351339577394,43.32561578292761,27.94946707017531,43.82818487377885,27.87147909493235,44.3081847272683,27.80589147177148,44.76940330578039,27.75005247739907,45.21487765699982
29.75113867844877,38.24526445535864,29.50487131023745,39.40468783038296,29.17354410826707,40.26410181643215,28.89858929210616,41.00160367686638,28.68421346810971,41.66341540644707,28.51695046503839,42.27023720896022,28.38447886098518,42.83450630564295,28.27769738280827,43.36482250265612,28.19015593570956,43.86755032009539,28.11728472009657,44.34757692555225,28.05580400784834,44.80874320756692,28.00331908758366,45.25411866184184
29.77825670934508,38.25187066976213,29.58789683669327,39.42299429420321,29.30120371508721,40.29033756917008,29.05735162256227,41.03247766144165,28.86466817778557,41.69696237559458,28.71296442392995,42.30533275106998,28.59200872199606,42.8704961135148,28.49400016180376,43.4013150960789,28.41331240393546,43.90430545101277,28.34591258380775,44.38444441156759,28.28888155028498,44.8456282952319,28.24007363946582,45.29096171125444
29.80173195882625,38.25759304694996,29.66061102084881,39.43906320862118,29.41431650591859,40.3136725618562,29.19938097061154,41.06023288176087,29.0273490557102,41.72736887804272,28.89076445156008,42.33734113296288,28.78119817965118,42.90347504590537,28.6919997965258,43.43487494840154,28.61828711818412,43.9381999056866,28.55652107484877,44.41851484411293,28.50411934769493,44.87977139273119,28.45917217085764,45.32510999813567
29.82203829372765,38.26254555244331,29.72413610847239,39.45312624170277,29.51413240280532,40.33432303822624,29.32576620765172,41.08501686179137,29.17308833505492,41.75470869506606,29.0509147866408,42.36627314215906,28.95236270241309,42.93340430151486,28.87179080521403,43.46542559573131,28.80498168010616,43.96912912757018,28.74884424825328,44.44966294520645,28.70110590903357,44.91103208282075,28.66007638740002,45.35641216682163
29.83959195849428,38.266828588767,29.77951404696734,39.46540280443971,29.60190334296026,40.35252020673399,29.43770923073038,41.10702267272872,29.3029332450205,41.77912598131152,29.1942784178431,42.39222788238623,29.10618274773532,42.960345643213,29.03388452605434,43.49299916228274,28.97375508896504,43.99710216901104,28.92310549221616,44.47787996993044,28.87994439172872,44.93938795492552,28.84278286724521,45.38483534490597
29.85475751621757,38.27053030105392,29.82770008018071,39.47609689286885,29.678846464033,40.36849791605255,29.53646047582045,41.12646865131969,29.41806231022209,41.80080969773142,29.32192173959977,42.41536419416776,29.24360225441739,42.98443138813217,29.17910512752827,43.51770593783833,29.12531965829647,44.02221148315244,29.07991486320029,44.5032440844201,29.04115228628463,44.96490577792705,29.00772564366568,45.41043721682829
29.86785347476146,38.27372784728939,29.86956102531524,39.48539550401218,29.74611874563647,40.38248415226271,29.62326948190146,41.14358337186039,29.51971701680893,41.81997382351114,29.43503274853647,42.43587777105578,29.36573768388221,43.00583967184004,29.30849264257183,43.53970864654598,29.26064026877616,44.04460676661551,29.22016611301424,44.52589415281143,29.18555729987539,44.98771546780291,29.15567169625709,45.43334031932868
29.8791575183788,38.27648860175239,29.90587686676792,39.49346816061484,29.80480091076477,40.39469548263215,29.69934889890894,41.15859493711619,29.60914880416911,41.8368426243153,29.5348547391579,42.4539835945888,29.47380166481289,43.0247749960871,29.42321910123404,43.55920179462758,29.38084490215184,44.06447358839917,29.34494304883485,44.54600797884364,29.31420060259598,45.00798816816518,29.28762187525971,45.45371011399313
29.88891130504735,38.27887127345278,29.93734458506692,39.50046719026799,29.85588852342612,40.40533370825857,29.76584982567114,41.17172368711417,29.68757997559267,41.85164011201843,29.62263521470981,42.46990297592512,29.56904224982065,43.04145355340322,29.5245200919371,43.5763958101759,29.48715006297765,44.08201673284208,29.45544003054435,44.56378513008043,29.42825334654718,45.02591875372464,29.40472418154186,45.47173731044446
